2024-11-13 11:01:52,394 [INFO] Activator:176 - 


2024-11-13 11:01:52,394 [INFO] Activator:177 - !SESSION log4j initialized
2024-11-13 11:01:54,726 [INFO] LogOutputStream:77 - [STDOUT_REDIRECT] 
2024-11-13 11:01:54,988 [ERROR] ConfigurationRetriever:142 - IOException on connection: sw-center.st.com
2024-11-13 11:01:54,989 [ERROR] ConfigurationRetriever:142 - IOException on connection: sw-center.st.com
2024-11-13 11:01:54,989 [ERROR] ConfigurationRetriever:142 - IOException on connection: sw-center.st.com
2024-11-13 11:01:54,991 [ERROR] ConfigurationRetriever:142 - IOException on connection: sw-center.st.com
2024-11-13 11:01:54,998 [ERROR] ConfigurationRetriever:142 - IOException on connection: sw-center.st.com
2024-11-13 11:01:54,999 [ERROR] ConfigurationRetriever:142 - IOException on connection: sw-center.st.com
2024-11-13 11:01:57,023 [INFO] ApplicationProperties:184 - Using Application install path: C:\ST\STM32CubeIDE_1.16.1\STM32CubeIDE\plugins\com.st.stm32cube.common.mx_6.12.1.202409122256
2024-11-13 11:01:57,044 [INFO] DbMcusXml:78 - Set database path to: C:\ST\STM32CubeIDE_1.16.1\STM32CubeIDE\plugins\com.st.stm32cube.common.mx_6.12.1.202409122256\\db\/mcu/
2024-11-13 11:01:57,045 [INFO] ApiDb:274 - Set plugin database path to: C:\ST\STM32CubeIDE_1.16.1\STM32CubeIDE\plugins\com.st.stm32cube.common.mx_6.12.1.202409122256\\db\/plugins/boardmanager/
2024-11-13 11:01:57,045 [WARN] ApiDb:259 - Overriding images path with different value:  => C:\ST\STM32CubeIDE_1.16.1\STM32CubeIDE\plugins\com.st.stm32cube.common.mx_6.12.1.202409122256\\db\/plugins/mcufinder/images/
2024-11-13 11:01:57,058 [INFO] ApiDb:250 - Set database path to: C:\Users\students\.stmcufinder\plugins\mcufinder//mcu/
2024-11-13 11:01:57,059 [INFO] DbMcusAds:125 - Set database path to: C:\Users\students\.stmcufinder\plugins\mcufinder//mcu/
2024-11-13 11:01:57,062 [INFO] CrossReferenceDbSqlite:203 - Set database path to: C:\Users\students\.stmcufinder\plugins\mcufinder//mcu/cs/
2024-11-13 11:01:57,184 [INFO] RulesReader:64 - Compatibility file has been processed (297 Rules)
2024-11-13 11:01:57,274 [INFO] DbMcusXml:78 - Set database path to: C:\ST\STM32CubeIDE_1.16.1\STM32CubeIDE\plugins\com.st.stm32cube.common.mx_6.12.1.202409122256\\db\/mcu/
2024-11-13 11:01:57,274 [INFO] ApiDb:274 - Set plugin database path to: C:\ST\STM32CubeIDE_1.16.1\STM32CubeIDE\plugins\com.st.stm32cube.common.mx_6.12.1.202409122256\\db\/plugins/boardmanager/
2024-11-13 11:01:57,274 [INFO] ApiDb:261 - Set plugin images path to: C:\ST\STM32CubeIDE_1.16.1\STM32CubeIDE\plugins\com.st.stm32cube.common.mx_6.12.1.202409122256\\db\/plugins/mcufinder/images/
2024-11-13 11:01:57,274 [WARN] DbFile:41 - Overriding database path with different value: C:\Users\students\.stmcufinder\plugins\mcufinder/ => C:\Users\students\.stmcufinder\plugins\mcufinder
2024-11-13 11:01:57,274 [INFO] ApiDb:250 - Set database path to: C:\Users\students\.stmcufinder\plugins\mcufinder//mcu/
2024-11-13 11:01:57,274 [WARN] DbFile:41 - Overriding database path with different value: C:\Users\students\.stmcufinder\plugins\mcufinder/ => C:\Users\students\.stmcufinder\plugins\mcufinder
2024-11-13 11:01:57,275 [INFO] DbMcusAds:125 - Set database path to: C:\Users\students\.stmcufinder\plugins\mcufinder//mcu/
2024-11-13 11:01:57,275 [WARN] DbFile:41 - Overriding database path with different value: C:\Users\students\.stmcufinder\plugins\mcufinder/ => C:\Users\students\.stmcufinder\plugins\mcufinder
2024-11-13 11:01:57,275 [WARN] DbFile:41 - Overriding database path with different value: C:\Users\students\.stmcufinder\plugins\mcufinder/ => C:\Users\students\.stmcufinder\plugins\mcufinder
2024-11-13 11:01:57,275 [INFO] CrossReferenceDbSqlite:203 - Set database path to: C:\Users\students\.stmcufinder\plugins\mcufinder//mcu/cs/
2024-11-13 11:01:57,361 [INFO] MainPanel:268 - HeapMemory: 268435456
2024-11-13 11:01:57,494 [INFO] DbMcusXml:78 - Set database path to: C:\ST\STM32CubeIDE_1.16.1\STM32CubeIDE\plugins\com.st.stm32cube.common.mx_6.12.1.202409122256\\db\/mcu/
2024-11-13 11:01:57,495 [INFO] ApiDb:274 - Set plugin database path to: C:\ST\STM32CubeIDE_1.16.1\STM32CubeIDE\plugins\com.st.stm32cube.common.mx_6.12.1.202409122256\\db\/plugins/boardmanager/
2024-11-13 11:01:57,495 [INFO] ApiDb:261 - Set plugin images path to: C:\ST\STM32CubeIDE_1.16.1\STM32CubeIDE\plugins\com.st.stm32cube.common.mx_6.12.1.202409122256\\db\/plugins/mcufinder/images/
2024-11-13 11:01:57,495 [WARN] DbFile:41 - Overriding database path with different value: C:\Users\students\.stmcufinder\plugins\mcufinder/ => C:\Users\students\.stmcufinder\plugins\mcufinder
2024-11-13 11:01:57,495 [INFO] ApiDb:250 - Set database path to: C:\Users\students\.stmcufinder\plugins\mcufinder//mcu/
2024-11-13 11:01:57,495 [WARN] DbFile:41 - Overriding database path with different value: C:\Users\students\.stmcufinder\plugins\mcufinder/ => C:\Users\students\.stmcufinder\plugins\mcufinder
2024-11-13 11:01:57,495 [INFO] DbMcusAds:125 - Set database path to: C:\Users\students\.stmcufinder\plugins\mcufinder//mcu/
2024-11-13 11:01:57,495 [WARN] DbFile:41 - Overriding database path with different value: C:\Users\students\.stmcufinder\plugins\mcufinder/ => C:\Users\students\.stmcufinder\plugins\mcufinder
2024-11-13 11:01:57,495 [WARN] DbFile:41 - Overriding database path with different value: C:\Users\students\.stmcufinder\plugins\mcufinder/ => C:\Users\students\.stmcufinder\plugins\mcufinder
2024-11-13 11:01:57,496 [INFO] CrossReferenceDbSqlite:203 - Set database path to: C:\Users\students\.stmcufinder\plugins\mcufinder//mcu/cs/
2024-11-13 11:01:57,520 [INFO] ApplicationProperties:184 - Using Application install path: C:\ST\STM32CubeIDE_1.16.1\STM32CubeIDE\plugins\com.st.stm32cube.common.mx_6.12.1.202409122256
2024-11-13 11:01:57,522 [INFO] PluginManage:196 - Search for loadable plugins [exclusion list=, ]
2024-11-13 11:01:57,524 [INFO] PluginManage:310 - Check plugin analytics
2024-11-13 11:01:57,700 [INFO] AnalyticsPlugin:253 - Accepted Software Licenses: 
2024-11-13 11:01:57,700 [INFO] AnalyticsPlugin:255 - Accepted CMSIS Pack Licenses: 
2024-11-13 11:01:57,700 [INFO] AnalyticsPlugin:257 - Accepted Firmware Licenses: FW.G4.1.6.0
2024-11-13 11:01:57,702 [INFO] PluginManage:359 - Loaded plugin analytics (category:tool,tabindex:-1)
2024-11-13 11:01:57,702 [INFO] PluginManage:310 - Check plugin cadmodel
2024-11-13 11:01:57,705 [ERROR] ConfigurationRetriever:142 - IOException on connection: sw-center.st.com
2024-11-13 11:01:57,707 [ERROR] ConfigurationRetriever:142 - IOException on connection: sw-center.st.com
2024-11-13 11:01:57,707 [ERROR] ConfigurationRetriever:142 - IOException on connection: sw-center.st.com
2024-11-13 11:01:57,720 [INFO] CADModel:105 - Init CAD model plugin
2024-11-13 11:01:57,721 [INFO] PluginManage:359 - Loaded plugin cadmodel (category:power,tabindex:5)
2024-11-13 11:01:57,721 [INFO] PluginManage:310 - Check plugin clock
2024-11-13 11:01:57,743 [INFO] PluginManage:359 - Loaded plugin clock (category:base,tabindex:2)
2024-11-13 11:01:57,744 [INFO] PluginManage:310 - Check plugin ddr
2024-11-13 11:01:57,746 [INFO] PluginManage:359 - Loaded plugin ddr (category:tool,tabindex:6)
2024-11-13 11:01:57,747 [INFO] PluginManage:310 - Check plugin filemanager
2024-11-13 11:01:58,511 [INFO] PluginManage:359 - Loaded plugin filemanager (category:base,tabindex:10)
2024-11-13 11:01:58,511 [INFO] PluginManage:310 - Check plugin ipmanager
2024-11-13 11:01:58,519 [INFO] PluginManage:359 - Loaded plugin ipmanager (category:base,tabindex:5)
2024-11-13 11:01:58,519 [INFO] PluginManage:310 - Check plugin lpbam
2024-11-13 11:01:58,538 [INFO] PluginManage:359 - Loaded plugin lpbam (category:base,tabindex:0)
2024-11-13 11:01:58,538 [INFO] PluginManage:310 - Check plugin memorymap
2024-11-13 11:01:58,563 [INFO] PluginManage:359 - Loaded plugin memorymap (category:base,tabindex:4)
2024-11-13 11:01:58,564 [INFO] PluginManage:310 - Check plugin pinoutandconfiguration
2024-11-13 11:01:58,580 [INFO] PluginManage:359 - Loaded plugin pinoutandconfiguration (category:base,tabindex:1)
2024-11-13 11:01:58,580 [INFO] PluginManage:310 - Check plugin pinoutconfig
2024-11-13 11:01:58,676 [WARN] SupportedApi:132 - Cannot load RTOS API schema: s4s-elt-must-match.1: The content of 'definitions' must match (annotation?, (simpleType | complexType)?, (unique | key | keyref)*)). A problem was found starting at: attribute.
2024-11-13 11:01:58,819 [INFO] PluginManage:359 - Loaded plugin pinoutconfig (category:base,tabindex:0)
2024-11-13 11:01:58,819 [INFO] PluginManage:310 - Check plugin power
2024-11-13 11:01:58,842 [INFO] PluginManage:359 - Loaded plugin power (category:power,tabindex:4)
2024-11-13 11:01:58,843 [INFO] PluginManage:310 - Check plugin projectmanager
2024-11-13 11:01:58,857 [INFO] PluginManage:359 - Loaded plugin projectmanager (category:projectmanager,tabindex:4)
2024-11-13 11:01:58,858 [INFO] PluginManage:310 - Check plugin rif
2024-11-13 11:01:58,874 [INFO] PluginManage:359 - Loaded plugin rif (category:base,tabindex:3)
2024-11-13 11:01:58,874 [INFO] PluginManage:310 - Check plugin thirdparty
2024-11-13 11:01:59,176 [INFO] PluginManage:359 - Loaded plugin thirdparty (category:base,tabindex:-1)
2024-11-13 11:01:59,176 [WARN] IntegrityCheckThread:84 - waiting for thirdparty lock release [integrity check]
2024-11-13 11:01:59,177 [INFO] PluginManage:310 - Check plugin tools
2024-11-13 11:01:59,177 [INFO] IntegrityCheckThread:86 - entering critical section [integrity check]
2024-11-13 11:01:59,177 [INFO] ThirdPartyUpdaterWithRetryManager:70 - Updater plugin not ready yet. [1/15]
2024-11-13 11:01:59,207 [INFO] PluginManage:359 - Loaded plugin tools (category:base,tabindex:7)
2024-11-13 11:01:59,208 [INFO] PluginManage:310 - Check plugin tutovideos
2024-11-13 11:01:59,455 [INFO] PluginManage:359 - Loaded plugin tutovideos (category:base,tabindex:-1)
2024-11-13 11:01:59,455 [INFO] PluginManage:310 - Check plugin updater
2024-11-13 11:01:59,473 [INFO] PluginManage:359 - Loaded plugin updater (category:base,tabindex:12)
2024-11-13 11:01:59,473 [INFO] PluginManage:310 - Check plugin userauth
2024-11-13 11:01:59,479 [INFO] UserAuth:113 - Init User Auth plugin
2024-11-13 11:01:59,479 [INFO] PluginManage:359 - Loaded plugin userauth (category:base,tabindex:14)
2024-11-13 11:01:59,480 [INFO] PluginManage:283 - PluginManage : Loaded plugins [18]
2024-11-13 11:01:59,698 [INFO] PinOutPanel:1561 - setPackage(No Configuration,No Configuration)
2024-11-13 11:01:59,786 [INFO] CADModel:165 - CPN selected for project level
2024-11-13 11:01:59,786 [INFO] CADModel:114 - Register for checkConnection events
2024-11-13 11:01:59,812 [INFO] IPUIPlugin:80 - create IPUIPlugin
2024-11-13 11:01:59,812 [INFO] PluginManager:220 - loadIPPluginJar : add adc
2024-11-13 11:01:59,848 [INFO] IPUIPlugin:80 - create IPUIPlugin
2024-11-13 11:01:59,848 [INFO] PluginManager:220 - loadIPPluginJar : add aes
2024-11-13 11:01:59,887 [INFO] IPUIPlugin:80 - create IPUIPlugin
2024-11-13 11:01:59,887 [INFO] PluginManager:220 - loadIPPluginJar : add can
2024-11-13 11:01:59,889 [INFO] IPUIPlugin:80 - create IPUIPlugin
2024-11-13 11:01:59,889 [INFO] PluginManager:220 - loadIPPluginJar : add comp
2024-11-13 11:01:59,925 [INFO] IPUIPlugin:80 - create IPUIPlugin
2024-11-13 11:01:59,925 [INFO] PluginManager:220 - loadIPPluginJar : add cryp
2024-11-13 11:01:59,939 [INFO] IPUIPlugin:80 - create IPUIPlugin
2024-11-13 11:01:59,939 [INFO] PluginManager:220 - loadIPPluginJar : add ddr_ctrl_phy
2024-11-13 11:01:59,943 [INFO] IPUIPlugin:80 - create IPUIPlugin
2024-11-13 11:01:59,943 [INFO] PluginManager:220 - loadIPPluginJar : add dfsdm
2024-11-13 11:01:59,957 [INFO] IPUIPlugin:80 - create IPUIPlugin
2024-11-13 11:01:59,958 [INFO] PluginManager:220 - loadIPPluginJar : add dma
2024-11-13 11:01:59,999 [INFO] IPUIPlugin:80 - create IPUIPlugin
2024-11-13 11:02:00,000 [INFO] PluginManager:220 - loadIPPluginJar : add dma3
2024-11-13 11:02:00,044 [INFO] IPUIPlugin:80 - create IPUIPlugin
2024-11-13 11:02:00,044 [INFO] PluginManager:220 - loadIPPluginJar : add extmemmanager
2024-11-13 11:02:00,063 [INFO] IPUIPlugin:80 - create IPUIPlugin
2024-11-13 11:02:00,063 [INFO] PluginManager:220 - loadIPPluginJar : add fatfs
2024-11-13 11:02:00,109 [INFO] IPUIPlugin:80 - create IPUIPlugin
2024-11-13 11:02:00,109 [INFO] PluginManager:220 - loadIPPluginJar : add fmc
2024-11-13 11:02:00,127 [INFO] IPUIPlugin:80 - create IPUIPlugin
2024-11-13 11:02:00,127 [INFO] PluginManager:220 - loadIPPluginJar : add freertos
2024-11-13 11:02:00,147 [INFO] IPUIPlugin:80 - create IPUIPlugin
2024-11-13 11:02:00,147 [INFO] PluginManager:220 - loadIPPluginJar : add genericplugin
2024-11-13 11:02:00,238 [INFO] IPUIPlugin:80 - create IPUIPlugin
2024-11-13 11:02:00,238 [INFO] PluginManager:220 - loadIPPluginJar : add gfxmmu
2024-11-13 11:02:00,357 [INFO] IPUIPlugin:80 - create IPUIPlugin
2024-11-13 11:02:00,357 [INFO] PluginManager:220 - loadIPPluginJar : add gic
2024-11-13 11:02:00,371 [INFO] IPUIPlugin:80 - create IPUIPlugin
2024-11-13 11:02:00,371 [INFO] PluginManager:220 - loadIPPluginJar : add gpio
2024-11-13 11:02:00,458 [INFO] IPUIPlugin:80 - create IPUIPlugin
2024-11-13 11:02:00,459 [INFO] PluginManager:220 - loadIPPluginJar : add gtzc
2024-11-13 11:02:00,489 [INFO] IPUIPlugin:80 - create IPUIPlugin
2024-11-13 11:02:00,489 [INFO] PluginManager:220 - loadIPPluginJar : add hash
2024-11-13 11:02:00,536 [INFO] IPUIPlugin:80 - create IPUIPlugin
2024-11-13 11:02:00,537 [INFO] PluginManager:220 - loadIPPluginJar : add i2c
2024-11-13 11:02:00,575 [INFO] IPUIPlugin:80 - create IPUIPlugin
2024-11-13 11:02:00,575 [INFO] PluginManager:220 - loadIPPluginJar : add i2s
2024-11-13 11:02:00,610 [INFO] IPUIPlugin:80 - create IPUIPlugin
2024-11-13 11:02:00,611 [INFO] PluginManager:220 - loadIPPluginJar : add i3c
2024-11-13 11:02:00,709 [INFO] IPUIPlugin:80 - create IPUIPlugin
2024-11-13 11:02:00,710 [INFO] PluginManager:220 - loadIPPluginJar : add ipddr
2024-11-13 11:02:00,796 [INFO] IPUIPlugin:80 - create IPUIPlugin
2024-11-13 11:02:00,797 [INFO] PluginManager:220 - loadIPPluginJar : add linkedlist
2024-11-13 11:02:00,828 [INFO] IPUIPlugin:80 - create IPUIPlugin
2024-11-13 11:02:00,829 [INFO] PluginManager:220 - loadIPPluginJar : add lorawan
2024-11-13 11:02:00,863 [INFO] IPUIPlugin:80 - create IPUIPlugin
2024-11-13 11:02:00,863 [INFO] PluginManager:220 - loadIPPluginJar : add ltdc
2024-11-13 11:02:00,876 [INFO] IPUIPlugin:80 - create IPUIPlugin
2024-11-13 11:02:00,876 [INFO] PluginManager:220 - loadIPPluginJar : add mdma
2024-11-13 11:02:00,891 [INFO] IPUIPlugin:80 - create IPUIPlugin
2024-11-13 11:02:00,891 [INFO] PluginManager:220 - loadIPPluginJar : add nvic
2024-11-13 11:02:00,929 [INFO] IPUIPlugin:80 - create IPUIPlugin
2024-11-13 11:02:00,929 [INFO] PluginManager:220 - loadIPPluginJar : add opamp
2024-11-13 11:02:00,989 [INFO] IPUIPlugin:80 - create IPUIPlugin
2024-11-13 11:02:00,989 [INFO] PluginManager:220 - loadIPPluginJar : add openamp
2024-11-13 11:02:01,027 [INFO] IPUIPlugin:80 - create IPUIPlugin
2024-11-13 11:02:01,027 [INFO] PluginManager:220 - loadIPPluginJar : add pdm2pcm
2024-11-13 11:02:01,040 [INFO] IPUIPlugin:80 - create IPUIPlugin
2024-11-13 11:02:01,042 [INFO] PluginManager:220 - loadIPPluginJar : add plateformsettings
2024-11-13 11:02:01,061 [INFO] IPUIPlugin:80 - create IPUIPlugin
2024-11-13 11:02:01,061 [INFO] PluginManager:220 - loadIPPluginJar : add quadspi
2024-11-13 11:02:01,084 [INFO] IPUIPlugin:80 - create IPUIPlugin
2024-11-13 11:02:01,085 [INFO] PluginManager:220 - loadIPPluginJar : add radio
2024-11-13 11:02:01,097 [INFO] IPUIPlugin:80 - create IPUIPlugin
2024-11-13 11:02:01,097 [INFO] PluginManager:220 - loadIPPluginJar : add resmgrutility
2024-11-13 11:02:01,143 [INFO] IPUIPlugin:80 - create IPUIPlugin
2024-11-13 11:02:01,143 [INFO] PluginManager:220 - loadIPPluginJar : add sai
2024-11-13 11:02:01,177 [INFO] IPUIPlugin:80 - create IPUIPlugin
2024-11-13 11:02:01,177 [INFO] PluginManager:220 - loadIPPluginJar : add spi
2024-11-13 11:02:01,242 [INFO] IPUIPlugin:80 - create IPUIPlugin
2024-11-13 11:02:01,242 [INFO] PluginManager:220 - loadIPPluginJar : add stm32_wpan
2024-11-13 11:02:01,263 [INFO] IPUIPlugin:80 - create IPUIPlugin
2024-11-13 11:02:01,263 [INFO] PluginManager:220 - loadIPPluginJar : add tim
2024-11-13 11:02:01,321 [INFO] IPUIPlugin:80 - create IPUIPlugin
2024-11-13 11:02:01,321 [INFO] PluginManager:220 - loadIPPluginJar : add touchsensing
2024-11-13 11:02:01,340 [INFO] IPUIPlugin:80 - create IPUIPlugin
2024-11-13 11:02:01,341 [INFO] PluginManager:220 - loadIPPluginJar : add tracer_emb
2024-11-13 11:02:01,363 [INFO] IPUIPlugin:80 - create IPUIPlugin
2024-11-13 11:02:01,363 [INFO] PluginManager:220 - loadIPPluginJar : add ts
2024-11-13 11:02:01,383 [INFO] IPUIPlugin:80 - create IPUIPlugin
2024-11-13 11:02:01,383 [INFO] PluginManager:220 - loadIPPluginJar : add tsc
2024-11-13 11:02:01,402 [INFO] IPUIPlugin:80 - create IPUIPlugin
2024-11-13 11:02:01,402 [INFO] PluginManager:220 - loadIPPluginJar : add ucpd
2024-11-13 11:02:01,441 [INFO] IPUIPlugin:80 - create IPUIPlugin
2024-11-13 11:02:01,441 [INFO] PluginManager:220 - loadIPPluginJar : add usart
2024-11-13 11:02:01,480 [INFO] IPUIPlugin:80 - create IPUIPlugin
2024-11-13 11:02:01,480 [INFO] PluginManager:220 - loadIPPluginJar : add usbx
2024-11-13 11:02:01,606 [INFO] CADModel:165 - CPN selected for project level
2024-11-13 11:02:01,607 [INFO] CADModel:114 - Register for checkConnection events
2024-11-13 11:02:01,607 [FATAL] Updater:334 - Updater called before beeing initialized
2024-11-13 11:02:01,608 [ERROR] CADModel:125 - Updater not yet initialized, retry later 
2024-11-13 11:02:01,755 [INFO] CADModel:165 - CPN selected for project level
2024-11-13 11:02:01,755 [INFO] CADModel:114 - Register for checkConnection events
2024-11-13 11:02:01,755 [FATAL] Updater:334 - Updater called before beeing initialized
2024-11-13 11:02:01,755 [ERROR] CADModel:125 - Updater not yet initialized, retry later 
2024-11-13 11:02:01,758 [FATAL] Updater:334 - Updater called before beeing initialized
2024-11-13 11:02:01,857 [FATAL] Updater:334 - Updater called before beeing initialized
2024-11-13 11:02:01,867 [INFO] DbMcusAds:53 - JSON generation date=Fri Sep 20 16:04:23 EEST 2024 (1726837463113)
2024-11-13 11:02:01,867 [FATAL] Updater:334 - Updater called before beeing initialized
2024-11-13 11:02:01,905 [WARN] DetailPanel:346 - Failed to get advertising image, set to default
2024-11-13 11:02:01,990 [FATAL] Updater:334 - Updater called before beeing initialized
2024-11-13 11:02:01,991 [FATAL] Updater:334 - Updater called before beeing initialized
2024-11-13 11:02:01,991 [FATAL] Updater:334 - Updater called before beeing initialized
2024-11-13 11:02:01,992 [WARN] DetailPanel:346 - Failed to get advertising image, set to default
2024-11-13 11:02:01,992 [FATAL] Updater:334 - Updater called before beeing initialized
2024-11-13 11:02:02,047 [ERROR] Updater:1164 - MainUpdater not yet initialized. External WinMGr cannot be set.
2024-11-13 11:02:02,058 [INFO] Updater:1100 - Updater Version found : 6.12.1
2024-11-13 11:02:02,074 [INFO] ApplicationProperties:184 - Using Application install path: C:\ST\STM32CubeIDE_1.16.1\STM32CubeIDE\plugins\com.st.stm32cube.common.mx_6.12.1.202409122256
2024-11-13 11:02:02,178 [INFO] ThirdPartyUpdaterWithRetryManager:70 - Updater plugin not ready yet. [2/15]
2024-11-13 11:02:03,653 [ERROR] LogOutputStream:75 - [STDERR_REDIRECT] Nov 13, 2024 11:02:03 AM java.util.prefs.WindowsPreferences <init>
2024-11-13 11:02:03,655 [ERROR] LogOutputStream:75 - [STDERR_REDIRECT] WARNING: Could not open/create prefs root node Software\JavaSoft\Prefs at root 0xffffffff80000002. Windows RegCreateKeyEx(...) returned error code 5.
2024-11-13 11:02:03,655 [ERROR] LogOutputStream:75 - [STDERR_REDIRECT] 
2024-11-13 11:02:03,873 [INFO] MainUpdater:2873 - connection check result : 22
2024-11-13 11:02:03,874 [INFO] MainUpdater:290 - Updater Check For Update Now.
2024-11-13 11:02:03,874 [INFO] MicroXplorer:498 - Change Database Version : DB.6.0.121
2024-11-13 11:02:03,888 [INFO] McuFinderGlobals:63 - Set McuFinder mode to 2 (CubeIDE integrated)
2024-11-13 11:02:03,895 [INFO] UserAuth:417 - Internet connection configuration mode: 2
2024-11-13 11:02:03,904 [INFO] UserAuth:417 - Internet connection configuration mode: 2
2024-11-13 11:02:04,111 [INFO] CheckServerUpdateThread:120 - End of CheckServer Thread
2024-11-13 11:02:05,443 [WARN] PackLoader:240 - Cannot read IP mode file for STMicroelectronics.FP-SNS-MOTENVWB1.1.4.0
2024-11-13 11:02:05,460 [WARN] PackLoader:240 - Cannot read IP mode file for STMicroelectronics.X-CUBE-SMBUS.2.1.0
2024-11-13 11:02:05,477 [WARN] PackLoader:240 - Cannot read IP mode file for STMicroelectronics.X-CUBE-WB05N.1.1.0
2024-11-13 11:02:05,517 [WARN] PackLoader:240 - Cannot read IP mode file for STMicroelectronics.X-CUBE-AZRTOS-F7.1.1.0
2024-11-13 11:02:05,591 [WARN] PackLoader:240 - Cannot read IP mode file for STMicroelectronics.X-CUBE-MEMS1.11.0.0
2024-11-13 11:02:05,709 [WARN] PackLoader:240 - Cannot read IP mode file for STMicroelectronics.FP-SNS-FLIGHT1.5.0.2
2024-11-13 11:02:05,723 [WARN] PackLoader:240 - Cannot read IP mode file for STMicroelectronics.X-CUBE-DISPLAY.3.0.0
2024-11-13 11:02:05,738 [WARN] PackLoader:240 - Cannot read IP mode file for STMicroelectronics.X-CUBE-BLE1.7.0.0
2024-11-13 11:02:05,765 [WARN] PackLoader:240 - Cannot read IP mode file for STMicroelectronics.X-CUBE-NFC10.1.0.0
2024-11-13 11:02:05,781 [WARN] PackLoader:240 - Cannot read IP mode file for emotas.I-CUBE-CANOPEN.1.3.0
2024-11-13 11:02:05,798 [WARN] PackLoader:240 - Cannot read IP mode file for STMicroelectronics.X-CUBE-BLEMGR.3.1.0
2024-11-13 11:02:05,816 [WARN] PackLoader:240 - Cannot read IP mode file for STMicroelectronics.FP-SNS-SMARTAG2.1.2.0
2024-11-13 11:02:05,841 [INFO] LogOutputStream:77 - [STDOUT_REDIRECT] 1 : Invalid condition id : UX_CORESTACK_Condition cause : null
2024-11-13 11:02:05,842 [INFO] LogOutputStream:77 - [STDOUT_REDIRECT] 1 : Invalid condition id : UX_CORESTACK_Condition cause : null
2024-11-13 11:02:05,842 [INFO] LogOutputStream:77 - [STDOUT_REDIRECT] 1 : Invalid condition id : UX_CORESTACK_Condition cause : null
2024-11-13 11:02:05,843 [INFO] LogOutputStream:77 - [STDOUT_REDIRECT] 1 : Invalid condition id : UX_CORESTACK_Condition cause : null
2024-11-13 11:02:05,844 [INFO] LogOutputStream:77 - [STDOUT_REDIRECT] 1 : Invalid condition id : UX_CORESTACK_Condition cause : null
2024-11-13 11:02:05,881 [WARN] PackLoader:240 - Cannot read IP mode file for STMicroelectronics.X-CUBE-AZRTOS-WL.2.0.0
2024-11-13 11:02:05,896 [WARN] PackLoader:240 - Cannot read IP mode file for STMicroelectronics.FP-SNS-MOTENV1.5.0.0
2024-11-13 11:02:05,907 [WARN] PackLoader:240 - Cannot read IP mode file for wolfSSL.I-CUBE-wolfMQTT.1.19.0
2024-11-13 11:02:05,921 [WARN] PackLoader:240 - Cannot read IP mode file for WES.I-CUBE-Cesium.1.3.0
2024-11-13 11:02:05,934 [WARN] PackLoader:240 - Cannot read IP mode file for STMicroelectronics.X-CUBE-BLE2.3.3.0
2024-11-13 11:02:05,948 [WARN] PackLoader:240 - Cannot read IP mode file for STMicroelectronics.X-CUBE-NFC9.1.0.0
2024-11-13 11:02:05,962 [WARN] PackLoader:240 - Cannot read IP mode file for STMicroelectronics.X-CUBE-TCPP.4.1.0
2024-11-13 11:02:05,991 [WARN] PackLoader:240 - Cannot read IP mode file for STMicroelectronics.X-CUBE-AZRTOS-G0.1.1.0
2024-11-13 11:02:06,007 [WARN] PackLoader:240 - Cannot read IP mode file for STMicroelectronics.X-CUBE-SAFEA1.1.2.2
2024-11-13 11:02:06,020 [WARN] PackLoader:240 - Cannot read IP mode file for STMicroelectronics.X-CUBE-NFC4.3.0.0
2024-11-13 11:02:06,038 [WARN] PackLoader:240 - Cannot read IP mode file for EmbeddedOffice.I-CUBE-FS-RTOS.1.0.1
2024-11-13 11:02:06,038 [ERROR] ConditionMgr:805 - Attr not supported : Dmpu
2024-11-13 11:02:06,038 [ERROR] ConditionMgr:805 - Attr not supported : Dmpu
2024-11-13 11:02:06,038 [ERROR] ConditionMgr:805 - Attr not supported : Dmpu
2024-11-13 11:02:06,038 [ERROR] ConditionMgr:805 - Attr not supported : Dmpu
2024-11-13 11:02:06,038 [ERROR] ConditionMgr:805 - Attr not supported : Dmpu
2024-11-13 11:02:06,038 [ERROR] ConditionMgr:805 - Attr not supported : Dmpu
2024-11-13 11:02:06,038 [ERROR] ConditionMgr:805 - Attr not supported : Dmpu
2024-11-13 11:02:06,038 [ERROR] ConditionMgr:805 - Attr not supported : Dmpu
2024-11-13 11:02:06,038 [ERROR] ConditionMgr:805 - Attr not supported : Dmpu
2024-11-13 11:02:06,039 [ERROR] ConditionMgr:805 - Attr not supported : Dmpu
2024-11-13 11:02:06,039 [ERROR] ConditionMgr:805 - Attr not supported : Dmpu
2024-11-13 11:02:06,039 [ERROR] ConditionMgr:805 - Attr not supported : Dmpu
2024-11-13 11:02:06,039 [ERROR] ConditionMgr:805 - Attr not supported : Dmpu
2024-11-13 11:02:06,039 [ERROR] ConditionMgr:805 - Attr not supported : Dmpu
2024-11-13 11:02:06,039 [ERROR] ConditionMgr:805 - Attr not supported : Dmpu
2024-11-13 11:02:06,039 [ERROR] ConditionMgr:805 - Attr not supported : Dmpu
2024-11-13 11:02:06,039 [ERROR] ConditionMgr:805 - Attr not supported : Dmpu
2024-11-13 11:02:06,039 [ERROR] ConditionMgr:805 - Attr not supported : Dmpu
2024-11-13 11:02:06,039 [ERROR] ConditionMgr:805 - Attr not supported : Dmpu
2024-11-13 11:02:06,039 [ERROR] ConditionMgr:805 - Attr not supported : Dmpu
2024-11-13 11:02:06,039 [ERROR] ConditionMgr:805 - Attr not supported : Dmpu
2024-11-13 11:02:06,039 [ERROR] ConditionMgr:805 - Attr not supported : Dmpu
2024-11-13 11:02:06,039 [ERROR] ConditionMgr:805 - Attr not supported : Dmpu
2024-11-13 11:02:06,039 [ERROR] ConditionMgr:805 - Attr not supported : Dmpu
2024-11-13 11:02:06,040 [ERROR] ConditionMgr:805 - Attr not supported : Dmpu
2024-11-13 11:02:06,040 [ERROR] ConditionMgr:805 - Attr not supported : Dmpu
2024-11-13 11:02:06,040 [ERROR] ConditionMgr:805 - Attr not supported : Dmpu
2024-11-13 11:02:06,040 [ERROR] ConditionMgr:805 - Attr not supported : Dmpu
2024-11-13 11:02:06,040 [ERROR] ConditionMgr:805 - Attr not supported : Dmpu
2024-11-13 11:02:06,040 [ERROR] ConditionMgr:805 - Attr not supported : Dmpu
2024-11-13 11:02:06,040 [ERROR] ConditionMgr:805 - Attr not supported : Dmpu
2024-11-13 11:02:06,040 [ERROR] ConditionMgr:805 - Attr not supported : Dmpu
2024-11-13 11:02:06,040 [ERROR] ConditionMgr:805 - Attr not supported : Dmpu
2024-11-13 11:02:06,040 [ERROR] ConditionMgr:805 - Attr not supported : Dmpu
2024-11-13 11:02:06,040 [ERROR] ConditionMgr:805 - Attr not supported : Dmpu
2024-11-13 11:02:06,040 [ERROR] ConditionMgr:805 - Attr not supported : Dmpu
2024-11-13 11:02:06,040 [ERROR] ConditionMgr:805 - Attr not supported : Dmpu
2024-11-13 11:02:06,040 [ERROR] ConditionMgr:805 - Attr not supported : Dmpu
2024-11-13 11:02:06,041 [ERROR] ConditionMgr:805 - Attr not supported : Dmpu
2024-11-13 11:02:06,041 [ERROR] ConditionMgr:805 - Attr not supported : Dmpu
2024-11-13 11:02:06,041 [ERROR] ConditionMgr:805 - Attr not supported : Dmpu
2024-11-13 11:02:06,041 [ERROR] ConditionMgr:805 - Attr not supported : Dmpu
2024-11-13 11:02:06,041 [ERROR] ConditionMgr:805 - Attr not supported : Dmpu
2024-11-13 11:02:06,041 [ERROR] ConditionMgr:805 - Attr not supported : Dmpu
2024-11-13 11:02:06,041 [ERROR] ConditionMgr:805 - Attr not supported : Dmpu
2024-11-13 11:02:06,042 [ERROR] ConditionMgr:805 - Attr not supported : Dmpu
2024-11-13 11:02:06,042 [ERROR] ConditionMgr:805 - Attr not supported : Dmpu
2024-11-13 11:02:06,042 [ERROR] ConditionMgr:805 - Attr not supported : Dmpu
2024-11-13 11:02:06,042 [ERROR] ConditionMgr:805 - Attr not supported : Dmpu
2024-11-13 11:02:06,042 [ERROR] ConditionMgr:805 - Attr not supported : Dmpu
2024-11-13 11:02:06,042 [ERROR] ConditionMgr:805 - Attr not supported : Dmpu
2024-11-13 11:02:06,042 [ERROR] ConditionMgr:805 - Attr not supported : Dmpu
2024-11-13 11:02:06,042 [ERROR] ConditionMgr:805 - Attr not supported : Dmpu
2024-11-13 11:02:06,042 [ERROR] ConditionMgr:805 - Attr not supported : Dmpu
2024-11-13 11:02:06,042 [ERROR] ConditionMgr:805 - Attr not supported : Dmpu
2024-11-13 11:02:06,043 [ERROR] ConditionMgr:805 - Attr not supported : Dmpu
2024-11-13 11:02:06,043 [ERROR] ConditionMgr:805 - Attr not supported : Dmpu
2024-11-13 11:02:06,043 [ERROR] ConditionMgr:805 - Attr not supported : Dmpu
2024-11-13 11:02:06,043 [ERROR] ConditionMgr:805 - Attr not supported : Dmpu
2024-11-13 11:02:06,043 [ERROR] ConditionMgr:805 - Attr not supported : Dmpu
2024-11-13 11:02:06,043 [ERROR] ConditionMgr:805 - Attr not supported : Dmpu
2024-11-13 11:02:06,043 [ERROR] ConditionMgr:805 - Attr not supported : Dmpu
2024-11-13 11:02:06,043 [ERROR] ConditionMgr:805 - Attr not supported : Dmpu
2024-11-13 11:02:06,043 [ERROR] ConditionMgr:805 - Attr not supported : Dmpu
2024-11-13 11:02:06,056 [WARN] PackLoader:240 - Cannot read IP mode file for RealThread.X-CUBE-RT-Thread_Nano.4.1.1
2024-11-13 11:02:06,067 [WARN] PackLoader:240 - Cannot read IP mode file for STMicroelectronics.FP-ATR-SIGFOX1.3.2.0
2024-11-13 11:02:06,077 [WARN] PackLoader:240 - Cannot read IP mode file for wolfSSL.I-CUBE-wolfSSL.5.7.2
2024-11-13 11:02:06,090 [WARN] PackLoader:240 - Cannot read IP mode file for STMicroelectronics.X-CUBE-EEPRMA1.5.1.0
2024-11-13 11:02:06,106 [WARN] PackLoader:240 - Cannot read IP mode file for ITTIA_DB.I-CUBE-ITTIADB.8.9.0
2024-11-13 11:02:06,147 [WARN] PackLoader:240 - Cannot read IP mode file for SEGGER.I-CUBE-embOS.1.3.1
2024-11-13 11:02:06,195 [WARN] PackLoader:240 - Cannot read IP mode file for STMicroelectronics.X-CUBE-ALGOBUILD.1.4.0
2024-11-13 11:02:06,207 [WARN] PackLoader:240 - Cannot read IP mode file for STMicroelectronics.X-CUBE-AI.9.1.0
2024-11-13 11:02:06,234 [WARN] PackLoader:240 - Cannot read IP mode file for STMicroelectronics.X-CUBE-AZRTOS-F4.1.1.0
2024-11-13 11:02:06,247 [WARN] PackLoader:240 - Cannot read IP mode file for STMicroelectronics.X-CUBE-ISPU.2.1.0
2024-11-13 11:02:06,259 [WARN] PackLoader:240 - Cannot read IP mode file for STMicroelectronics.X-CUBE-FREERTOS.1.2.0
2024-11-13 11:02:06,286 [WARN] PackLoader:240 - Cannot read IP mode file for STMicroelectronics.X-CUBE-AZRTOS-L5.2.0.0
2024-11-13 11:02:06,303 [WARN] PackLoader:240 - Cannot read IP mode file for STMicroelectronics.X-CUBE-NFC6.3.1.0
2024-11-13 11:02:06,316 [WARN] PackLoader:240 - Cannot read IP mode file for STMicroelectronics.X-CUBE-DPower.1.2.0
2024-11-13 11:02:06,328 [WARN] PackLoader:240 - Cannot read IP mode file for STMicroelectronics.X-CUBE-NFC7.1.0.1
2024-11-13 11:02:06,358 [WARN] ConditionMgr:438 - getConditionDescription Invalid condition id : LAN8742 Phy interface Condition cause : null
2024-11-13 11:02:06,359 [WARN] PackLoader:240 - Cannot read IP mode file for STMicroelectronics.X-CUBE-AZRTOS-L4.2.0.0
2024-11-13 11:02:06,360 [WARN] ConditionMgr:1039 - genDependencies : Invalid condition id : LAN8742 Phy interface Condition cause : null
2024-11-13 11:02:06,360 [WARN] ConditionMgr:1039 - genDependencies : Invalid condition id : LAN8742 Phy interface Condition cause : null
2024-11-13 11:02:06,361 [WARN] ConditionMgr:1039 - genDependencies : Invalid condition id : LAN8742 Phy interface Condition cause : null
2024-11-13 11:02:06,375 [WARN] PackLoader:240 - Cannot read IP mode file for STMicroelectronics.X-CUBE-SFXS2LP1.4.0.0
2024-11-13 11:02:06,408 [WARN] PackLoader:240 - Cannot read IP mode file for STMicroelectronics.X-CUBE-AZRTOS-H7.3.3.0
2024-11-13 11:02:06,428 [WARN] PackLoader:240 - Cannot read IP mode file for STMicroelectronics.X-CUBE-IPS.3.0.0
2024-11-13 11:02:06,453 [WARN] ConditionMgr:438 - getConditionDescription Invalid condition id : UX DEVICE CLASS RTOS Condition cause : null
2024-11-13 11:02:06,453 [WARN] ConditionMgr:438 - getConditionDescription Invalid condition id : UX DEVICE CLASS RTOS Condition cause : null
2024-11-13 11:02:06,455 [WARN] PackLoader:240 - Cannot read IP mode file for STMicroelectronics.X-CUBE-AZRTOS-WB.2.0.0
2024-11-13 11:02:06,455 [WARN] ConditionMgr:1039 - genDependencies : Invalid condition id : UX DEVICE CLASS RTOS Condition cause : null
2024-11-13 11:02:06,455 [WARN] ConditionMgr:1039 - genDependencies : Invalid condition id : UX DEVICE CLASS RTOS Condition cause : null
2024-11-13 11:02:06,455 [WARN] ConditionMgr:1039 - genDependencies : Invalid condition id : UX DEVICE CLASS RTOS Condition cause : null
2024-11-13 11:02:06,456 [WARN] ConditionMgr:1039 - genDependencies : Invalid condition id : UX DEVICE CLASS RTOS Condition cause : null
2024-11-13 11:02:06,456 [WARN] ConditionMgr:1039 - genDependencies : Invalid condition id : UX DEVICE CLASS RTOS Condition cause : null
2024-11-13 11:02:06,469 [WARN] PackLoader:240 - Cannot read IP mode file for STMicroelectronics.X-CUBE-GNSS1.7.0.0
2024-11-13 11:02:06,482 [WARN] PackLoader:240 - Cannot read IP mode file for STMicroelectronics.FP-SNS-STBOX1.2.0.0
2024-11-13 11:02:06,501 [WARN] PackLoader:240 - Cannot read IP mode file for STMicroelectronics.X-CUBE-SUBG2.5.0.0
2024-11-13 11:02:06,514 [WARN] PackLoader:240 - Cannot read IP mode file for Cesanta.I-CUBE-Mongoose.7.13.0
2024-11-13 11:02:06,537 [WARN] PackLoader:240 - Cannot read IP mode file for STMicroelectronics.X-CUBE-AZRTOS-G4.2.0.0
2024-11-13 11:02:06,548 [WARN] PackLoader:240 - Cannot read IP mode file for STMicroelectronics.X-CUBE-ALS.1.0.2
2024-11-13 11:02:06,560 [WARN] PackLoader:240 - Cannot read IP mode file for STMicroelectronics.X-CUBE-TOUCHGFX.4.24.1
2024-11-13 11:02:06,571 [WARN] PackLoader:240 - Cannot read IP mode file for wolfSSL.I-CUBE-wolfTPM.3.4.0
2024-11-13 11:02:06,582 [WARN] PackLoader:240 - Cannot read IP mode file for portGmbH.I-Cube-SoM-uGOAL.1.1.0
2024-11-13 11:02:06,609 [WARN] PackLoader:240 - Cannot read IP mode file for STMicroelectronics.X-CUBE-AZRTOS-H7RS.1.0.0
2024-11-13 11:02:06,620 [WARN] PackLoader:240 - Cannot read IP mode file for STMicroelectronics.FP-ATR-ASTRA1.2.0.0
2024-11-13 11:02:06,637 [WARN] PackLoader:240 - Cannot read IP mode file for STMicroelectronics.X-CUBE-TOF1.3.4.2
2024-11-13 11:02:06,671 [WARN] PackLoader:240 - Cannot read IP mode file for Infineon.AIROC-Wi-Fi-Bluetooth-STM32.1.6.1
2024-11-13 11:02:06,683 [WARN] PackLoader:240 - Cannot read IP mode file for wolfSSL.I-CUBE-wolfSSH.1.4.17
2024-11-13 11:02:06,684 [INFO] ThirdParty:978 - Integrity check success = true
2024-11-13 11:02:06,684 [INFO] IntegrityCheckThread:100 - exiting critical section [integrity check]
2024-11-13 11:02:06,684 [INFO] IntegrityCheckThread:103 - End integrity checks thread
2024-11-13 11:13:25,774 [ERROR] ConfigurationRetriever:142 - IOException on connection: sw-center.st.com
2024-11-13 11:13:25,774 [ERROR] ConfigurationRetriever:142 - IOException on connection: sw-center.st.com
2024-11-13 11:13:25,775 [ERROR] ConfigurationRetriever:142 - IOException on connection: sw-center.st.com
2024-11-13 11:14:01,622 [INFO] Activator:176 - 


2024-11-13 11:14:01,624 [INFO] Activator:177 - !SESSION log4j initialized
2024-11-13 11:14:03,753 [INFO] LogOutputStream:77 - [STDOUT_REDIRECT] 
2024-11-13 11:14:04,121 [ERROR] ConfigurationRetriever:142 - IOException on connection: sw-center.st.com
2024-11-13 11:14:04,122 [ERROR] ConfigurationRetriever:142 - IOException on connection: sw-center.st.com
2024-11-13 11:14:04,122 [ERROR] ConfigurationRetriever:142 - IOException on connection: sw-center.st.com
2024-11-13 11:14:05,704 [INFO] ApplicationProperties:184 - Using Application install path: C:\ST\STM32CubeIDE_1.16.1\STM32CubeIDE\plugins\com.st.stm32cube.common.mx_6.12.1.202409122256
2024-11-13 11:14:05,719 [INFO] DbMcusXml:78 - Set database path to: C:\ST\STM32CubeIDE_1.16.1\STM32CubeIDE\plugins\com.st.stm32cube.common.mx_6.12.1.202409122256\\db\/mcu/
2024-11-13 11:14:05,719 [INFO] ApiDb:274 - Set plugin database path to: C:\ST\STM32CubeIDE_1.16.1\STM32CubeIDE\plugins\com.st.stm32cube.common.mx_6.12.1.202409122256\\db\/plugins/boardmanager/
2024-11-13 11:14:05,720 [WARN] ApiDb:259 - Overriding images path with different value:  => C:\ST\STM32CubeIDE_1.16.1\STM32CubeIDE\plugins\com.st.stm32cube.common.mx_6.12.1.202409122256\\db\/plugins/mcufinder/images/
2024-11-13 11:14:05,726 [INFO] ApiDb:250 - Set database path to: C:\Users\students\.stmcufinder\plugins\mcufinder//mcu/
2024-11-13 11:14:05,727 [INFO] DbMcusAds:125 - Set database path to: C:\Users\students\.stmcufinder\plugins\mcufinder//mcu/
2024-11-13 11:14:05,729 [INFO] CrossReferenceDbSqlite:203 - Set database path to: C:\Users\students\.stmcufinder\plugins\mcufinder//mcu/cs/
2024-11-13 11:14:05,831 [INFO] RulesReader:64 - Compatibility file has been processed (297 Rules)
2024-11-13 11:14:05,899 [INFO] DbMcusXml:78 - Set database path to: C:\ST\STM32CubeIDE_1.16.1\STM32CubeIDE\plugins\com.st.stm32cube.common.mx_6.12.1.202409122256\\db\/mcu/
2024-11-13 11:14:05,899 [INFO] ApiDb:274 - Set plugin database path to: C:\ST\STM32CubeIDE_1.16.1\STM32CubeIDE\plugins\com.st.stm32cube.common.mx_6.12.1.202409122256\\db\/plugins/boardmanager/
2024-11-13 11:14:05,899 [INFO] ApiDb:261 - Set plugin images path to: C:\ST\STM32CubeIDE_1.16.1\STM32CubeIDE\plugins\com.st.stm32cube.common.mx_6.12.1.202409122256\\db\/plugins/mcufinder/images/
2024-11-13 11:14:05,899 [WARN] DbFile:41 - Overriding database path with different value: C:\Users\students\.stmcufinder\plugins\mcufinder/ => C:\Users\students\.stmcufinder\plugins\mcufinder
2024-11-13 11:14:05,899 [INFO] ApiDb:250 - Set database path to: C:\Users\students\.stmcufinder\plugins\mcufinder//mcu/
2024-11-13 11:14:05,899 [WARN] DbFile:41 - Overriding database path with different value: C:\Users\students\.stmcufinder\plugins\mcufinder/ => C:\Users\students\.stmcufinder\plugins\mcufinder
2024-11-13 11:14:05,899 [INFO] DbMcusAds:125 - Set database path to: C:\Users\students\.stmcufinder\plugins\mcufinder//mcu/
2024-11-13 11:14:05,900 [WARN] DbFile:41 - Overriding database path with different value: C:\Users\students\.stmcufinder\plugins\mcufinder/ => C:\Users\students\.stmcufinder\plugins\mcufinder
2024-11-13 11:14:05,900 [WARN] DbFile:41 - Overriding database path with different value: C:\Users\students\.stmcufinder\plugins\mcufinder/ => C:\Users\students\.stmcufinder\plugins\mcufinder
2024-11-13 11:14:05,900 [INFO] CrossReferenceDbSqlite:203 - Set database path to: C:\Users\students\.stmcufinder\plugins\mcufinder//mcu/cs/
2024-11-13 11:14:05,965 [INFO] MainPanel:268 - HeapMemory: 268435456
2024-11-13 11:14:06,040 [INFO] DbMcusXml:78 - Set database path to: C:\ST\STM32CubeIDE_1.16.1\STM32CubeIDE\plugins\com.st.stm32cube.common.mx_6.12.1.202409122256\\db\/mcu/
2024-11-13 11:14:06,041 [INFO] ApiDb:274 - Set plugin database path to: C:\ST\STM32CubeIDE_1.16.1\STM32CubeIDE\plugins\com.st.stm32cube.common.mx_6.12.1.202409122256\\db\/plugins/boardmanager/
2024-11-13 11:14:06,041 [INFO] ApiDb:261 - Set plugin images path to: C:\ST\STM32CubeIDE_1.16.1\STM32CubeIDE\plugins\com.st.stm32cube.common.mx_6.12.1.202409122256\\db\/plugins/mcufinder/images/
2024-11-13 11:14:06,041 [WARN] DbFile:41 - Overriding database path with different value: C:\Users\students\.stmcufinder\plugins\mcufinder/ => C:\Users\students\.stmcufinder\plugins\mcufinder
2024-11-13 11:14:06,041 [INFO] ApiDb:250 - Set database path to: C:\Users\students\.stmcufinder\plugins\mcufinder//mcu/
2024-11-13 11:14:06,041 [WARN] DbFile:41 - Overriding database path with different value: C:\Users\students\.stmcufinder\plugins\mcufinder/ => C:\Users\students\.stmcufinder\plugins\mcufinder
2024-11-13 11:14:06,041 [INFO] DbMcusAds:125 - Set database path to: C:\Users\students\.stmcufinder\plugins\mcufinder//mcu/
2024-11-13 11:14:06,042 [WARN] DbFile:41 - Overriding database path with different value: C:\Users\students\.stmcufinder\plugins\mcufinder/ => C:\Users\students\.stmcufinder\plugins\mcufinder
2024-11-13 11:14:06,042 [WARN] DbFile:41 - Overriding database path with different value: C:\Users\students\.stmcufinder\plugins\mcufinder/ => C:\Users\students\.stmcufinder\plugins\mcufinder
2024-11-13 11:14:06,042 [INFO] CrossReferenceDbSqlite:203 - Set database path to: C:\Users\students\.stmcufinder\plugins\mcufinder//mcu/cs/
2024-11-13 11:14:06,058 [INFO] ApplicationProperties:184 - Using Application install path: C:\ST\STM32CubeIDE_1.16.1\STM32CubeIDE\plugins\com.st.stm32cube.common.mx_6.12.1.202409122256
2024-11-13 11:14:06,059 [INFO] PluginManage:196 - Search for loadable plugins [exclusion list=, ]
2024-11-13 11:14:06,060 [INFO] PluginManage:310 - Check plugin analytics
2024-11-13 11:14:06,215 [INFO] AnalyticsPlugin:253 - Accepted Software Licenses: 
2024-11-13 11:14:06,216 [INFO] AnalyticsPlugin:255 - Accepted CMSIS Pack Licenses: 
2024-11-13 11:14:06,216 [INFO] AnalyticsPlugin:257 - Accepted Firmware Licenses: FW.G4.1.6.0
2024-11-13 11:14:06,220 [INFO] PluginManage:359 - Loaded plugin analytics (category:tool,tabindex:-1)
2024-11-13 11:14:06,222 [INFO] PluginManage:310 - Check plugin cadmodel
2024-11-13 11:14:06,222 [ERROR] ConfigurationRetriever:142 - IOException on connection: sw-center.st.com
2024-11-13 11:14:06,223 [ERROR] ConfigurationRetriever:142 - IOException on connection: sw-center.st.com
2024-11-13 11:14:06,223 [ERROR] ConfigurationRetriever:142 - IOException on connection: sw-center.st.com
2024-11-13 11:14:06,225 [INFO] CADModel:105 - Init CAD model plugin
2024-11-13 11:14:06,225 [INFO] PluginManage:359 - Loaded plugin cadmodel (category:power,tabindex:5)
2024-11-13 11:14:06,226 [INFO] PluginManage:310 - Check plugin clock
2024-11-13 11:14:06,233 [INFO] PluginManage:359 - Loaded plugin clock (category:base,tabindex:2)
2024-11-13 11:14:06,233 [INFO] PluginManage:310 - Check plugin ddr
2024-11-13 11:14:06,235 [INFO] PluginManage:359 - Loaded plugin ddr (category:tool,tabindex:6)
2024-11-13 11:14:06,235 [INFO] PluginManage:310 - Check plugin filemanager
2024-11-13 11:14:06,398 [INFO] PluginManage:359 - Loaded plugin filemanager (category:base,tabindex:10)
2024-11-13 11:14:06,398 [INFO] PluginManage:310 - Check plugin ipmanager
2024-11-13 11:14:06,408 [INFO] PluginManage:359 - Loaded plugin ipmanager (category:base,tabindex:5)
2024-11-13 11:14:06,408 [INFO] PluginManage:310 - Check plugin lpbam
2024-11-13 11:14:06,417 [INFO] PluginManage:359 - Loaded plugin lpbam (category:base,tabindex:0)
2024-11-13 11:14:06,417 [INFO] PluginManage:310 - Check plugin memorymap
2024-11-13 11:14:06,427 [INFO] PluginManage:359 - Loaded plugin memorymap (category:base,tabindex:4)
2024-11-13 11:14:06,427 [INFO] PluginManage:310 - Check plugin pinoutandconfiguration
2024-11-13 11:14:06,434 [INFO] PluginManage:359 - Loaded plugin pinoutandconfiguration (category:base,tabindex:1)
2024-11-13 11:14:06,434 [INFO] PluginManage:310 - Check plugin pinoutconfig
2024-11-13 11:14:06,516 [WARN] SupportedApi:132 - Cannot load RTOS API schema: s4s-elt-must-match.1: The content of 'definitions' must match (annotation?, (simpleType | complexType)?, (unique | key | keyref)*)). A problem was found starting at: attribute.
2024-11-13 11:14:06,628 [INFO] PluginManage:359 - Loaded plugin pinoutconfig (category:base,tabindex:0)
2024-11-13 11:14:06,628 [INFO] PluginManage:310 - Check plugin power
2024-11-13 11:14:06,636 [INFO] PluginManage:359 - Loaded plugin power (category:power,tabindex:4)
2024-11-13 11:14:06,636 [INFO] PluginManage:310 - Check plugin projectmanager
2024-11-13 11:14:06,651 [INFO] PluginManage:359 - Loaded plugin projectmanager (category:projectmanager,tabindex:4)
2024-11-13 11:14:06,651 [INFO] PluginManage:310 - Check plugin rif
2024-11-13 11:14:06,656 [INFO] PluginManage:359 - Loaded plugin rif (category:base,tabindex:3)
2024-11-13 11:14:06,656 [INFO] PluginManage:310 - Check plugin thirdparty
2024-11-13 11:14:06,768 [INFO] PluginManage:359 - Loaded plugin thirdparty (category:base,tabindex:-1)
2024-11-13 11:14:06,768 [INFO] PluginManage:310 - Check plugin tools
2024-11-13 11:14:06,770 [WARN] IntegrityCheckThread:84 - waiting for thirdparty lock release [integrity check]
2024-11-13 11:14:06,770 [INFO] IntegrityCheckThread:86 - entering critical section [integrity check]
2024-11-13 11:14:06,771 [INFO] PluginManage:359 - Loaded plugin tools (category:base,tabindex:7)
2024-11-13 11:14:06,771 [INFO] ThirdPartyUpdaterWithRetryManager:70 - Updater plugin not ready yet. [1/15]
2024-11-13 11:14:06,771 [INFO] PluginManage:310 - Check plugin tutovideos
2024-11-13 11:14:06,930 [INFO] PluginManage:359 - Loaded plugin tutovideos (category:base,tabindex:-1)
2024-11-13 11:14:06,930 [INFO] PluginManage:310 - Check plugin updater
2024-11-13 11:14:06,944 [INFO] PluginManage:359 - Loaded plugin updater (category:base,tabindex:12)
2024-11-13 11:14:06,944 [INFO] PluginManage:310 - Check plugin userauth
2024-11-13 11:14:06,949 [INFO] UserAuth:113 - Init User Auth plugin
2024-11-13 11:14:06,949 [INFO] PluginManage:359 - Loaded plugin userauth (category:base,tabindex:14)
2024-11-13 11:14:06,950 [INFO] PluginManage:283 - PluginManage : Loaded plugins [18]
2024-11-13 11:14:07,172 [INFO] PinOutPanel:1561 - setPackage(No Configuration,No Configuration)
2024-11-13 11:14:07,249 [INFO] CADModel:165 - CPN selected for project level
2024-11-13 11:14:07,249 [INFO] CADModel:114 - Register for checkConnection events
2024-11-13 11:14:07,262 [INFO] IPUIPlugin:80 - create IPUIPlugin
2024-11-13 11:14:07,262 [INFO] PluginManager:220 - loadIPPluginJar : add adc
2024-11-13 11:14:07,265 [INFO] IPUIPlugin:80 - create IPUIPlugin
2024-11-13 11:14:07,265 [INFO] PluginManager:220 - loadIPPluginJar : add aes
2024-11-13 11:14:07,268 [INFO] IPUIPlugin:80 - create IPUIPlugin
2024-11-13 11:14:07,268 [INFO] PluginManager:220 - loadIPPluginJar : add can
2024-11-13 11:14:07,269 [INFO] IPUIPlugin:80 - create IPUIPlugin
2024-11-13 11:14:07,269 [INFO] PluginManager:220 - loadIPPluginJar : add comp
2024-11-13 11:14:07,271 [INFO] IPUIPlugin:80 - create IPUIPlugin
2024-11-13 11:14:07,271 [INFO] PluginManager:220 - loadIPPluginJar : add cryp
2024-11-13 11:14:07,273 [INFO] IPUIPlugin:80 - create IPUIPlugin
2024-11-13 11:14:07,273 [INFO] PluginManager:220 - loadIPPluginJar : add ddr_ctrl_phy
2024-11-13 11:14:07,275 [INFO] IPUIPlugin:80 - create IPUIPlugin
2024-11-13 11:14:07,275 [INFO] PluginManager:220 - loadIPPluginJar : add dfsdm
2024-11-13 11:14:07,280 [INFO] IPUIPlugin:80 - create IPUIPlugin
2024-11-13 11:14:07,281 [INFO] PluginManager:220 - loadIPPluginJar : add dma
2024-11-13 11:14:07,283 [INFO] IPUIPlugin:80 - create IPUIPlugin
2024-11-13 11:14:07,283 [INFO] PluginManager:220 - loadIPPluginJar : add dma3
2024-11-13 11:14:07,285 [INFO] IPUIPlugin:80 - create IPUIPlugin
2024-11-13 11:14:07,286 [INFO] PluginManager:220 - loadIPPluginJar : add extmemmanager
2024-11-13 11:14:07,287 [INFO] IPUIPlugin:80 - create IPUIPlugin
2024-11-13 11:14:07,287 [INFO] PluginManager:220 - loadIPPluginJar : add fatfs
2024-11-13 11:14:07,291 [INFO] IPUIPlugin:80 - create IPUIPlugin
2024-11-13 11:14:07,291 [INFO] PluginManager:220 - loadIPPluginJar : add fmc
2024-11-13 11:14:07,296 [INFO] IPUIPlugin:80 - create IPUIPlugin
2024-11-13 11:14:07,296 [INFO] PluginManager:220 - loadIPPluginJar : add freertos
2024-11-13 11:14:07,297 [INFO] IPUIPlugin:80 - create IPUIPlugin
2024-11-13 11:14:07,297 [INFO] PluginManager:220 - loadIPPluginJar : add genericplugin
2024-11-13 11:14:07,299 [INFO] IPUIPlugin:80 - create IPUIPlugin
2024-11-13 11:14:07,299 [INFO] PluginManager:220 - loadIPPluginJar : add gfxmmu
2024-11-13 11:14:07,304 [INFO] IPUIPlugin:80 - create IPUIPlugin
2024-11-13 11:14:07,304 [INFO] PluginManager:220 - loadIPPluginJar : add gic
2024-11-13 11:14:07,307 [INFO] IPUIPlugin:80 - create IPUIPlugin
2024-11-13 11:14:07,307 [INFO] PluginManager:220 - loadIPPluginJar : add gpio
2024-11-13 11:14:07,310 [INFO] IPUIPlugin:80 - create IPUIPlugin
2024-11-13 11:14:07,310 [INFO] PluginManager:220 - loadIPPluginJar : add gtzc
2024-11-13 11:14:07,312 [INFO] IPUIPlugin:80 - create IPUIPlugin
2024-11-13 11:14:07,313 [INFO] PluginManager:220 - loadIPPluginJar : add hash
2024-11-13 11:14:07,315 [INFO] IPUIPlugin:80 - create IPUIPlugin
2024-11-13 11:14:07,316 [INFO] PluginManager:220 - loadIPPluginJar : add i2c
2024-11-13 11:14:07,318 [INFO] IPUIPlugin:80 - create IPUIPlugin
2024-11-13 11:14:07,318 [INFO] PluginManager:220 - loadIPPluginJar : add i2s
2024-11-13 11:14:07,321 [INFO] IPUIPlugin:80 - create IPUIPlugin
2024-11-13 11:14:07,321 [INFO] PluginManager:220 - loadIPPluginJar : add i3c
2024-11-13 11:14:07,324 [INFO] IPUIPlugin:80 - create IPUIPlugin
2024-11-13 11:14:07,324 [INFO] PluginManager:220 - loadIPPluginJar : add ipddr
2024-11-13 11:14:07,330 [INFO] IPUIPlugin:80 - create IPUIPlugin
2024-11-13 11:14:07,330 [INFO] PluginManager:220 - loadIPPluginJar : add linkedlist
2024-11-13 11:14:07,333 [INFO] IPUIPlugin:80 - create IPUIPlugin
2024-11-13 11:14:07,333 [INFO] PluginManager:220 - loadIPPluginJar : add lorawan
2024-11-13 11:14:07,334 [INFO] IPUIPlugin:80 - create IPUIPlugin
2024-11-13 11:14:07,334 [INFO] PluginManager:220 - loadIPPluginJar : add ltdc
2024-11-13 11:14:07,339 [INFO] IPUIPlugin:80 - create IPUIPlugin
2024-11-13 11:14:07,340 [INFO] PluginManager:220 - loadIPPluginJar : add mdma
2024-11-13 11:14:07,342 [INFO] IPUIPlugin:80 - create IPUIPlugin
2024-11-13 11:14:07,343 [INFO] PluginManager:220 - loadIPPluginJar : add nvic
2024-11-13 11:14:07,345 [INFO] IPUIPlugin:80 - create IPUIPlugin
2024-11-13 11:14:07,345 [INFO] PluginManager:220 - loadIPPluginJar : add opamp
2024-11-13 11:14:07,348 [INFO] IPUIPlugin:80 - create IPUIPlugin
2024-11-13 11:14:07,348 [INFO] PluginManager:220 - loadIPPluginJar : add openamp
2024-11-13 11:14:07,350 [INFO] IPUIPlugin:80 - create IPUIPlugin
2024-11-13 11:14:07,351 [INFO] PluginManager:220 - loadIPPluginJar : add pdm2pcm
2024-11-13 11:14:07,355 [INFO] IPUIPlugin:80 - create IPUIPlugin
2024-11-13 11:14:07,358 [INFO] PluginManager:220 - loadIPPluginJar : add plateformsettings
2024-11-13 11:14:07,359 [INFO] IPUIPlugin:80 - create IPUIPlugin
2024-11-13 11:14:07,359 [INFO] PluginManager:220 - loadIPPluginJar : add quadspi
2024-11-13 11:14:07,361 [INFO] IPUIPlugin:80 - create IPUIPlugin
2024-11-13 11:14:07,361 [INFO] PluginManager:220 - loadIPPluginJar : add radio
2024-11-13 11:14:07,364 [INFO] IPUIPlugin:80 - create IPUIPlugin
2024-11-13 11:14:07,364 [INFO] PluginManager:220 - loadIPPluginJar : add resmgrutility
2024-11-13 11:14:07,367 [INFO] IPUIPlugin:80 - create IPUIPlugin
2024-11-13 11:14:07,367 [INFO] PluginManager:220 - loadIPPluginJar : add sai
2024-11-13 11:14:07,369 [INFO] IPUIPlugin:80 - create IPUIPlugin
2024-11-13 11:14:07,369 [INFO] PluginManager:220 - loadIPPluginJar : add spi
2024-11-13 11:14:07,374 [INFO] IPUIPlugin:80 - create IPUIPlugin
2024-11-13 11:14:07,374 [INFO] PluginManager:220 - loadIPPluginJar : add stm32_wpan
2024-11-13 11:14:07,375 [INFO] IPUIPlugin:80 - create IPUIPlugin
2024-11-13 11:14:07,376 [INFO] PluginManager:220 - loadIPPluginJar : add tim
2024-11-13 11:14:07,379 [INFO] IPUIPlugin:80 - create IPUIPlugin
2024-11-13 11:14:07,379 [INFO] PluginManager:220 - loadIPPluginJar : add touchsensing
2024-11-13 11:14:07,381 [INFO] IPUIPlugin:80 - create IPUIPlugin
2024-11-13 11:14:07,381 [INFO] PluginManager:220 - loadIPPluginJar : add tracer_emb
2024-11-13 11:14:07,382 [INFO] IPUIPlugin:80 - create IPUIPlugin
2024-11-13 11:14:07,383 [INFO] PluginManager:220 - loadIPPluginJar : add ts
2024-11-13 11:14:07,384 [INFO] IPUIPlugin:80 - create IPUIPlugin
2024-11-13 11:14:07,384 [INFO] PluginManager:220 - loadIPPluginJar : add tsc
2024-11-13 11:14:07,386 [INFO] IPUIPlugin:80 - create IPUIPlugin
2024-11-13 11:14:07,386 [INFO] PluginManager:220 - loadIPPluginJar : add ucpd
2024-11-13 11:14:07,389 [INFO] IPUIPlugin:80 - create IPUIPlugin
2024-11-13 11:14:07,389 [INFO] PluginManager:220 - loadIPPluginJar : add usart
2024-11-13 11:14:07,391 [INFO] IPUIPlugin:80 - create IPUIPlugin
2024-11-13 11:14:07,391 [INFO] PluginManager:220 - loadIPPluginJar : add usbx
2024-11-13 11:14:07,545 [INFO] CADModel:165 - CPN selected for project level
2024-11-13 11:14:07,545 [INFO] CADModel:114 - Register for checkConnection events
2024-11-13 11:14:07,546 [FATAL] Updater:334 - Updater called before beeing initialized
2024-11-13 11:14:07,546 [ERROR] CADModel:125 - Updater not yet initialized, retry later 
2024-11-13 11:14:07,651 [INFO] CADModel:165 - CPN selected for project level
2024-11-13 11:14:07,651 [INFO] CADModel:114 - Register for checkConnection events
2024-11-13 11:14:07,651 [FATAL] Updater:334 - Updater called before beeing initialized
2024-11-13 11:14:07,652 [ERROR] CADModel:125 - Updater not yet initialized, retry later 
2024-11-13 11:14:07,654 [FATAL] Updater:334 - Updater called before beeing initialized
2024-11-13 11:14:07,749 [FATAL] Updater:334 - Updater called before beeing initialized
2024-11-13 11:14:07,753 [INFO] DbMcusAds:53 - JSON generation date=Fri Sep 20 16:04:23 EEST 2024 (1726837463113)
2024-11-13 11:14:07,753 [FATAL] Updater:334 - Updater called before beeing initialized
2024-11-13 11:14:07,786 [WARN] DetailPanel:346 - Failed to get advertising image, set to default
2024-11-13 11:14:07,877 [FATAL] Updater:334 - Updater called before beeing initialized
2024-11-13 11:14:07,878 [FATAL] Updater:334 - Updater called before beeing initialized
2024-11-13 11:14:07,879 [FATAL] Updater:334 - Updater called before beeing initialized
2024-11-13 11:14:07,879 [WARN] DetailPanel:346 - Failed to get advertising image, set to default
2024-11-13 11:14:07,879 [FATAL] Updater:334 - Updater called before beeing initialized
2024-11-13 11:14:07,921 [ERROR] Updater:1164 - MainUpdater not yet initialized. External WinMGr cannot be set.
2024-11-13 11:14:07,923 [INFO] Updater:1100 - Updater Version found : 6.12.1
2024-11-13 11:14:07,937 [INFO] ApplicationProperties:184 - Using Application install path: C:\ST\STM32CubeIDE_1.16.1\STM32CubeIDE\plugins\com.st.stm32cube.common.mx_6.12.1.202409122256
2024-11-13 11:14:09,513 [ERROR] LogOutputStream:75 - [STDERR_REDIRECT] Nov 13, 2024 11:14:09 AM java.util.prefs.WindowsPreferences <init>
2024-11-13 11:14:09,514 [ERROR] LogOutputStream:75 - [STDERR_REDIRECT] WARNING: Could not open/create prefs root node Software\JavaSoft\Prefs at root 0xffffffff80000002. Windows RegCreateKeyEx(...) returned error code 5.
2024-11-13 11:14:09,514 [ERROR] LogOutputStream:75 - [STDERR_REDIRECT] 
2024-11-13 11:14:09,669 [INFO] MainUpdater:2873 - connection check result : 22
2024-11-13 11:14:09,669 [INFO] MainUpdater:290 - Updater Check For Update Now.
2024-11-13 11:14:09,670 [INFO] MicroXplorer:498 - Change Database Version : DB.6.0.121
2024-11-13 11:14:09,675 [INFO] McuFinderGlobals:63 - Set McuFinder mode to 2 (CubeIDE integrated)
2024-11-13 11:14:09,676 [INFO] UserAuth:417 - Internet connection configuration mode: 2
2024-11-13 11:14:09,683 [INFO] UserAuth:417 - Internet connection configuration mode: 2
2024-11-13 11:14:09,773 [WARN] MainUpdater:1194 - Updater busy. Cannot search thirdparties
2024-11-13 11:14:09,773 [INFO] ThirdPartyUpdaterWithRetryManager:96 - Updater plugin is busy. [1/15]
2024-11-13 11:14:09,845 [INFO] CheckServerUpdateThread:120 - End of CheckServer Thread
2024-11-13 11:14:12,965 [WARN] PackLoader:240 - Cannot read IP mode file for STMicroelectronics.FP-SNS-MOTENVWB1.1.4.0
2024-11-13 11:14:12,977 [WARN] PackLoader:240 - Cannot read IP mode file for STMicroelectronics.X-CUBE-SMBUS.2.1.0
2024-11-13 11:14:12,987 [WARN] PackLoader:240 - Cannot read IP mode file for STMicroelectronics.X-CUBE-WB05N.1.1.0
2024-11-13 11:14:13,015 [WARN] PackLoader:240 - Cannot read IP mode file for STMicroelectronics.X-CUBE-AZRTOS-F7.1.1.0
2024-11-13 11:14:13,077 [WARN] PackLoader:240 - Cannot read IP mode file for STMicroelectronics.X-CUBE-MEMS1.11.0.0
2024-11-13 11:14:13,214 [WARN] PackLoader:240 - Cannot read IP mode file for STMicroelectronics.FP-SNS-FLIGHT1.5.0.2
2024-11-13 11:14:13,220 [WARN] PackLoader:240 - Cannot read IP mode file for STMicroelectronics.X-CUBE-DISPLAY.3.0.0
2024-11-13 11:14:13,227 [WARN] PackLoader:240 - Cannot read IP mode file for STMicroelectronics.X-CUBE-BLE1.7.0.0
2024-11-13 11:14:13,232 [WARN] PackLoader:240 - Cannot read IP mode file for STMicroelectronics.X-CUBE-NFC10.1.0.0
2024-11-13 11:14:13,237 [WARN] PackLoader:240 - Cannot read IP mode file for emotas.I-CUBE-CANOPEN.1.3.0
2024-11-13 11:14:13,252 [WARN] PackLoader:240 - Cannot read IP mode file for STMicroelectronics.X-CUBE-BLEMGR.3.1.0
2024-11-13 11:14:13,260 [WARN] PackLoader:240 - Cannot read IP mode file for STMicroelectronics.FP-SNS-SMARTAG2.1.2.0
2024-11-13 11:14:13,275 [INFO] LogOutputStream:77 - [STDOUT_REDIRECT] 1 : Invalid condition id : UX_CORESTACK_Condition cause : null
2024-11-13 11:14:13,275 [INFO] LogOutputStream:77 - [STDOUT_REDIRECT] 1 : Invalid condition id : UX_CORESTACK_Condition cause : null
2024-11-13 11:14:13,277 [INFO] LogOutputStream:77 - [STDOUT_REDIRECT] 1 : Invalid condition id : UX_CORESTACK_Condition cause : null
2024-11-13 11:14:13,278 [INFO] LogOutputStream:77 - [STDOUT_REDIRECT] 1 : Invalid condition id : UX_CORESTACK_Condition cause : null
2024-11-13 11:14:13,279 [INFO] LogOutputStream:77 - [STDOUT_REDIRECT] 1 : Invalid condition id : UX_CORESTACK_Condition cause : null
2024-11-13 11:14:13,282 [WARN] PackLoader:240 - Cannot read IP mode file for STMicroelectronics.X-CUBE-AZRTOS-WL.2.0.0
2024-11-13 11:14:13,287 [WARN] PackLoader:240 - Cannot read IP mode file for STMicroelectronics.FP-SNS-MOTENV1.5.0.0
2024-11-13 11:14:13,292 [WARN] PackLoader:240 - Cannot read IP mode file for wolfSSL.I-CUBE-wolfMQTT.1.19.0
2024-11-13 11:14:13,299 [WARN] PackLoader:240 - Cannot read IP mode file for WES.I-CUBE-Cesium.1.3.0
2024-11-13 11:14:13,303 [WARN] PackLoader:240 - Cannot read IP mode file for STMicroelectronics.X-CUBE-BLE2.3.3.0
2024-11-13 11:14:13,313 [WARN] PackLoader:240 - Cannot read IP mode file for STMicroelectronics.X-CUBE-NFC9.1.0.0
2024-11-13 11:14:13,321 [WARN] PackLoader:240 - Cannot read IP mode file for STMicroelectronics.X-CUBE-TCPP.4.1.0
2024-11-13 11:14:13,339 [WARN] PackLoader:240 - Cannot read IP mode file for STMicroelectronics.X-CUBE-AZRTOS-G0.1.1.0
2024-11-13 11:14:13,347 [WARN] PackLoader:240 - Cannot read IP mode file for STMicroelectronics.X-CUBE-SAFEA1.1.2.2
2024-11-13 11:14:13,369 [WARN] PackLoader:240 - Cannot read IP mode file for STMicroelectronics.X-CUBE-NFC4.3.0.0
2024-11-13 11:14:13,382 [WARN] PackLoader:240 - Cannot read IP mode file for EmbeddedOffice.I-CUBE-FS-RTOS.1.0.1
2024-11-13 11:14:13,382 [ERROR] ConditionMgr:805 - Attr not supported : Dmpu
2024-11-13 11:14:13,383 [ERROR] ConditionMgr:805 - Attr not supported : Dmpu
2024-11-13 11:14:13,383 [ERROR] ConditionMgr:805 - Attr not supported : Dmpu
2024-11-13 11:14:13,383 [ERROR] ConditionMgr:805 - Attr not supported : Dmpu
2024-11-13 11:14:13,384 [ERROR] ConditionMgr:805 - Attr not supported : Dmpu
2024-11-13 11:14:13,384 [ERROR] ConditionMgr:805 - Attr not supported : Dmpu
2024-11-13 11:14:13,384 [ERROR] ConditionMgr:805 - Attr not supported : Dmpu
2024-11-13 11:14:13,384 [ERROR] ConditionMgr:805 - Attr not supported : Dmpu
2024-11-13 11:14:13,384 [ERROR] ConditionMgr:805 - Attr not supported : Dmpu
2024-11-13 11:14:13,384 [ERROR] ConditionMgr:805 - Attr not supported : Dmpu
2024-11-13 11:14:13,384 [ERROR] ConditionMgr:805 - Attr not supported : Dmpu
2024-11-13 11:14:13,384 [ERROR] ConditionMgr:805 - Attr not supported : Dmpu
2024-11-13 11:14:13,385 [ERROR] ConditionMgr:805 - Attr not supported : Dmpu
2024-11-13 11:14:13,385 [ERROR] ConditionMgr:805 - Attr not supported : Dmpu
2024-11-13 11:14:13,385 [ERROR] ConditionMgr:805 - Attr not supported : Dmpu
2024-11-13 11:14:13,386 [ERROR] ConditionMgr:805 - Attr not supported : Dmpu
2024-11-13 11:14:13,386 [ERROR] ConditionMgr:805 - Attr not supported : Dmpu
2024-11-13 11:14:13,386 [ERROR] ConditionMgr:805 - Attr not supported : Dmpu
2024-11-13 11:14:13,386 [ERROR] ConditionMgr:805 - Attr not supported : Dmpu
2024-11-13 11:14:13,386 [ERROR] ConditionMgr:805 - Attr not supported : Dmpu
2024-11-13 11:14:13,386 [ERROR] ConditionMgr:805 - Attr not supported : Dmpu
2024-11-13 11:14:13,386 [ERROR] ConditionMgr:805 - Attr not supported : Dmpu
2024-11-13 11:14:13,386 [ERROR] ConditionMgr:805 - Attr not supported : Dmpu
2024-11-13 11:14:13,386 [ERROR] ConditionMgr:805 - Attr not supported : Dmpu
2024-11-13 11:14:13,387 [ERROR] ConditionMgr:805 - Attr not supported : Dmpu
2024-11-13 11:14:13,387 [ERROR] ConditionMgr:805 - Attr not supported : Dmpu
2024-11-13 11:14:13,388 [ERROR] ConditionMgr:805 - Attr not supported : Dmpu
2024-11-13 11:14:13,388 [ERROR] ConditionMgr:805 - Attr not supported : Dmpu
2024-11-13 11:14:13,388 [ERROR] ConditionMgr:805 - Attr not supported : Dmpu
2024-11-13 11:14:13,388 [ERROR] ConditionMgr:805 - Attr not supported : Dmpu
2024-11-13 11:14:13,388 [ERROR] ConditionMgr:805 - Attr not supported : Dmpu
2024-11-13 11:14:13,388 [ERROR] ConditionMgr:805 - Attr not supported : Dmpu
2024-11-13 11:14:13,388 [ERROR] ConditionMgr:805 - Attr not supported : Dmpu
2024-11-13 11:14:13,389 [ERROR] ConditionMgr:805 - Attr not supported : Dmpu
2024-11-13 11:14:13,389 [ERROR] ConditionMgr:805 - Attr not supported : Dmpu
2024-11-13 11:14:13,389 [ERROR] ConditionMgr:805 - Attr not supported : Dmpu
2024-11-13 11:14:13,389 [ERROR] ConditionMgr:805 - Attr not supported : Dmpu
2024-11-13 11:14:13,389 [ERROR] ConditionMgr:805 - Attr not supported : Dmpu
2024-11-13 11:14:13,389 [ERROR] ConditionMgr:805 - Attr not supported : Dmpu
2024-11-13 11:14:13,389 [ERROR] ConditionMgr:805 - Attr not supported : Dmpu
2024-11-13 11:14:13,389 [ERROR] ConditionMgr:805 - Attr not supported : Dmpu
2024-11-13 11:14:13,389 [ERROR] ConditionMgr:805 - Attr not supported : Dmpu
2024-11-13 11:14:13,389 [ERROR] ConditionMgr:805 - Attr not supported : Dmpu
2024-11-13 11:14:13,389 [ERROR] ConditionMgr:805 - Attr not supported : Dmpu
2024-11-13 11:14:13,389 [ERROR] ConditionMgr:805 - Attr not supported : Dmpu
2024-11-13 11:14:13,389 [ERROR] ConditionMgr:805 - Attr not supported : Dmpu
2024-11-13 11:14:13,389 [ERROR] ConditionMgr:805 - Attr not supported : Dmpu
2024-11-13 11:14:13,389 [ERROR] ConditionMgr:805 - Attr not supported : Dmpu
2024-11-13 11:14:13,390 [ERROR] ConditionMgr:805 - Attr not supported : Dmpu
2024-11-13 11:14:13,390 [ERROR] ConditionMgr:805 - Attr not supported : Dmpu
2024-11-13 11:14:13,390 [ERROR] ConditionMgr:805 - Attr not supported : Dmpu
2024-11-13 11:14:13,390 [ERROR] ConditionMgr:805 - Attr not supported : Dmpu
2024-11-13 11:14:13,390 [ERROR] ConditionMgr:805 - Attr not supported : Dmpu
2024-11-13 11:14:13,390 [ERROR] ConditionMgr:805 - Attr not supported : Dmpu
2024-11-13 11:14:13,390 [ERROR] ConditionMgr:805 - Attr not supported : Dmpu
2024-11-13 11:14:13,390 [ERROR] ConditionMgr:805 - Attr not supported : Dmpu
2024-11-13 11:14:13,390 [ERROR] ConditionMgr:805 - Attr not supported : Dmpu
2024-11-13 11:14:13,390 [ERROR] ConditionMgr:805 - Attr not supported : Dmpu
2024-11-13 11:14:13,390 [ERROR] ConditionMgr:805 - Attr not supported : Dmpu
2024-11-13 11:14:13,390 [ERROR] ConditionMgr:805 - Attr not supported : Dmpu
2024-11-13 11:14:13,390 [ERROR] ConditionMgr:805 - Attr not supported : Dmpu
2024-11-13 11:14:13,390 [ERROR] ConditionMgr:805 - Attr not supported : Dmpu
2024-11-13 11:14:13,390 [ERROR] ConditionMgr:805 - Attr not supported : Dmpu
2024-11-13 11:14:13,390 [ERROR] ConditionMgr:805 - Attr not supported : Dmpu
2024-11-13 11:14:13,395 [WARN] PackLoader:240 - Cannot read IP mode file for RealThread.X-CUBE-RT-Thread_Nano.4.1.1
2024-11-13 11:14:13,406 [WARN] PackLoader:240 - Cannot read IP mode file for STMicroelectronics.FP-ATR-SIGFOX1.3.2.0
2024-11-13 11:14:13,409 [WARN] PackLoader:240 - Cannot read IP mode file for wolfSSL.I-CUBE-wolfSSL.5.7.2
2024-11-13 11:14:13,413 [WARN] PackLoader:240 - Cannot read IP mode file for STMicroelectronics.X-CUBE-EEPRMA1.5.1.0
2024-11-13 11:14:13,419 [WARN] PackLoader:240 - Cannot read IP mode file for ITTIA_DB.I-CUBE-ITTIADB.8.9.0
2024-11-13 11:14:13,484 [WARN] PackLoader:240 - Cannot read IP mode file for SEGGER.I-CUBE-embOS.1.3.1
2024-11-13 11:14:13,516 [WARN] PackLoader:240 - Cannot read IP mode file for STMicroelectronics.X-CUBE-ALGOBUILD.1.4.0
2024-11-13 11:14:13,519 [WARN] PackLoader:240 - Cannot read IP mode file for STMicroelectronics.X-CUBE-AI.9.1.0
2024-11-13 11:14:13,532 [WARN] PackLoader:240 - Cannot read IP mode file for STMicroelectronics.X-CUBE-AZRTOS-F4.1.1.0
2024-11-13 11:14:13,537 [WARN] PackLoader:240 - Cannot read IP mode file for STMicroelectronics.X-CUBE-ISPU.2.1.0
2024-11-13 11:14:13,541 [WARN] PackLoader:240 - Cannot read IP mode file for STMicroelectronics.X-CUBE-FREERTOS.1.2.0
2024-11-13 11:14:13,554 [WARN] PackLoader:240 - Cannot read IP mode file for STMicroelectronics.X-CUBE-AZRTOS-L5.2.0.0
2024-11-13 11:14:13,562 [WARN] PackLoader:240 - Cannot read IP mode file for STMicroelectronics.X-CUBE-NFC6.3.1.0
2024-11-13 11:14:13,570 [WARN] PackLoader:240 - Cannot read IP mode file for STMicroelectronics.X-CUBE-DPower.1.2.0
2024-11-13 11:14:13,574 [WARN] PackLoader:240 - Cannot read IP mode file for STMicroelectronics.X-CUBE-NFC7.1.0.1
2024-11-13 11:14:13,595 [WARN] ConditionMgr:438 - getConditionDescription Invalid condition id : LAN8742 Phy interface Condition cause : null
2024-11-13 11:14:13,597 [WARN] PackLoader:240 - Cannot read IP mode file for STMicroelectronics.X-CUBE-AZRTOS-L4.2.0.0
2024-11-13 11:14:13,599 [WARN] ConditionMgr:1039 - genDependencies : Invalid condition id : LAN8742 Phy interface Condition cause : null
2024-11-13 11:14:13,599 [WARN] ConditionMgr:1039 - genDependencies : Invalid condition id : LAN8742 Phy interface Condition cause : null
2024-11-13 11:14:13,599 [WARN] ConditionMgr:1039 - genDependencies : Invalid condition id : LAN8742 Phy interface Condition cause : null
2024-11-13 11:14:13,605 [WARN] PackLoader:240 - Cannot read IP mode file for STMicroelectronics.X-CUBE-SFXS2LP1.4.0.0
2024-11-13 11:14:13,622 [WARN] PackLoader:240 - Cannot read IP mode file for STMicroelectronics.X-CUBE-AZRTOS-H7.3.3.0
2024-11-13 11:14:13,633 [WARN] PackLoader:240 - Cannot read IP mode file for STMicroelectronics.X-CUBE-IPS.3.0.0
2024-11-13 11:14:13,649 [WARN] ConditionMgr:438 - getConditionDescription Invalid condition id : UX DEVICE CLASS RTOS Condition cause : null
2024-11-13 11:14:13,649 [WARN] ConditionMgr:438 - getConditionDescription Invalid condition id : UX DEVICE CLASS RTOS Condition cause : null
2024-11-13 11:14:13,651 [WARN] PackLoader:240 - Cannot read IP mode file for STMicroelectronics.X-CUBE-AZRTOS-WB.2.0.0
2024-11-13 11:14:13,651 [WARN] ConditionMgr:1039 - genDependencies : Invalid condition id : UX DEVICE CLASS RTOS Condition cause : null
2024-11-13 11:14:13,651 [WARN] ConditionMgr:1039 - genDependencies : Invalid condition id : UX DEVICE CLASS RTOS Condition cause : null
2024-11-13 11:14:13,652 [WARN] ConditionMgr:1039 - genDependencies : Invalid condition id : UX DEVICE CLASS RTOS Condition cause : null
2024-11-13 11:14:13,652 [WARN] ConditionMgr:1039 - genDependencies : Invalid condition id : UX DEVICE CLASS RTOS Condition cause : null
2024-11-13 11:14:13,652 [WARN] ConditionMgr:1039 - genDependencies : Invalid condition id : UX DEVICE CLASS RTOS Condition cause : null
2024-11-13 11:14:13,657 [WARN] PackLoader:240 - Cannot read IP mode file for STMicroelectronics.X-CUBE-GNSS1.7.0.0
2024-11-13 11:14:13,662 [WARN] PackLoader:240 - Cannot read IP mode file for STMicroelectronics.FP-SNS-STBOX1.2.0.0
2024-11-13 11:14:13,671 [WARN] PackLoader:240 - Cannot read IP mode file for STMicroelectronics.X-CUBE-SUBG2.5.0.0
2024-11-13 11:14:13,678 [WARN] PackLoader:240 - Cannot read IP mode file for Cesanta.I-CUBE-Mongoose.7.13.0
2024-11-13 11:14:13,690 [WARN] PackLoader:240 - Cannot read IP mode file for STMicroelectronics.X-CUBE-AZRTOS-G4.2.0.0
2024-11-13 11:14:13,694 [WARN] PackLoader:240 - Cannot read IP mode file for STMicroelectronics.X-CUBE-ALS.1.0.2
2024-11-13 11:14:13,698 [WARN] PackLoader:240 - Cannot read IP mode file for STMicroelectronics.X-CUBE-TOUCHGFX.4.24.1
2024-11-13 11:14:13,701 [WARN] PackLoader:240 - Cannot read IP mode file for wolfSSL.I-CUBE-wolfTPM.3.4.0
2024-11-13 11:14:13,704 [WARN] PackLoader:240 - Cannot read IP mode file for portGmbH.I-Cube-SoM-uGOAL.1.1.0
2024-11-13 11:14:13,719 [WARN] PackLoader:240 - Cannot read IP mode file for STMicroelectronics.X-CUBE-AZRTOS-H7RS.1.0.0
2024-11-13 11:14:13,724 [WARN] PackLoader:240 - Cannot read IP mode file for STMicroelectronics.FP-ATR-ASTRA1.2.0.0
2024-11-13 11:14:13,732 [WARN] PackLoader:240 - Cannot read IP mode file for STMicroelectronics.X-CUBE-TOF1.3.4.2
2024-11-13 11:14:13,756 [WARN] PackLoader:240 - Cannot read IP mode file for Infineon.AIROC-Wi-Fi-Bluetooth-STM32.1.6.1
2024-11-13 11:14:13,763 [WARN] PackLoader:240 - Cannot read IP mode file for wolfSSL.I-CUBE-wolfSSH.1.4.17
2024-11-13 11:14:13,764 [INFO] ThirdParty:978 - Integrity check success = true
2024-11-13 11:14:13,764 [INFO] IntegrityCheckThread:100 - exiting critical section [integrity check]
2024-11-13 11:14:13,764 [INFO] IntegrityCheckThread:103 - End integrity checks thread
2024-11-13 11:31:24,680 [INFO] McuFinderGlobals:63 - Set McuFinder mode to 2 (CubeIDE integrated)
2024-11-13 11:31:24,698 [INFO] MainUpdater:2873 - connection check result : 22
2024-11-13 11:31:27,262 [INFO] ApiDb:581 - Connected to CubeFinder SQLite database (C:\Users\students\.stmcufinder\plugins\mcufinder\mcu\cube-finder-db.db)
2024-11-13 11:31:27,402 [INFO] ApiDb:668 - CubeFinder database Data Model version=2.1
2024-11-13 11:31:27,402 [INFO] ApiDb:669 - CubeFinder database Configuration version=3.0.39
2024-11-13 11:31:27,402 [INFO] ApiDb:670 - CubeFinder database generation date=2024-10-15 (1729006872)
2024-11-13 11:31:27,402 [INFO] ApiDb:671 - CubeFinder database FW Pack versions=[FP-ATR-ASTRA1_V2.0.0, FP-SNS-FLIGHT1_V5.0.2, FP-SNS-MOTENV1_V5.0.0, FP-SNS-MOTENVWB1_V1.4.0, FP-SNS-SMARTAG2_V1.2.0, FP-SNS-STBOX1_V2.0.0, STM32Cube_FW_C0_V1.2.0, STM32Cube_FW_F4_V1.28.1, STM32Cube_FW_F7_V1.17.2, STM32Cube_FW_G0_V1.6.2, STM32Cube_FW_G4_V1.6.0, STM32Cube_FW_H5_V1.3.0, STM32Cube_FW_H7RS_V1.1.0, STM32Cube_FW_H7_V1.11.2, STM32Cube_FW_L0_V1.12.2, STM32Cube_FW_L5_V1.5.1, STM32Cube_FW_U0_V1.1.0, STM32Cube_FW_U5_V1.6.0, STM32Cube_FW_WB0_V1.0.0, STM32Cube_FW_WBA_V1.4.1, STM32Cube_FW_WB_V1.20.0, STM32Cube_FW_WL_V1.3.0, X-CUBE-ALGOBUILD_V1.4.0, X-CUBE-ALS_V1.0.2, X-CUBE-AZRTOS-F4_V1.1.0, X-CUBE-AZRTOS-F7_V1.1.0, X-CUBE-AZRTOS-G0_V1.1.0, X-CUBE-AZRTOS-G4_V2.0.0, X-CUBE-AZRTOS-H7RS_V1.0.0, X-CUBE-AZRTOS-H7_V3.3.0, X-CUBE-AZRTOS-L4_V2.0.0, X-CUBE-AZRTOS-L5_V2.0.0, X-CUBE-AZRTOS-WB_V2.0.0, X-CUBE-AZRTOS-WL_V2.0.0, X-CUBE-BLE1_V7.0.0, X-CUBE-BLE2_V3.3.0, X-CUBE-BLEMGR_V3.1.0, X-CUBE-EEPRMA1_V5.1.0, X-CUBE-FREERTOS_V1.2.0, X-CUBE-GNSS1_V6.0.0, X-CUBE-MEMS1_V11.0.0, X-CUBE-NFC4_V3.0.0, X-CUBE-NFC7_V1.0.1, X-CUBE-SFXS2LP1_V4.0.0, X-CUBE-SUBG2_V5.0.0, X-CUBE-TOF1_V3.4.2]
2024-11-13 11:31:27,577 [INFO] DbBoardsSqlite:226 - include board P-NUCLEO-WB55-NUCLEO as a kit item of type 'Nucleo-64'
2024-11-13 11:31:27,578 [INFO] DbBoardsSqlite:226 - include board P-NUCLEO-WB55-USBDONGLE as a kit item of type 'Nucleo USB Dongle'
2024-11-13 11:31:27,578 [INFO] DbBoardsSqlite:226 - include board STEVAL-IDP005V1 as a kit item of type 'Evaluation Board'
2024-11-13 11:31:27,579 [INFO] DbBoardsSqlite:226 - include board STEVAL-IDP005V2 as a kit item of type 'Evaluation Board'
2024-11-13 11:31:28,217 [INFO] ApiDb:240 - Found 646 in-development CPN: [B-G473E-ZEST1S, B-WB1M-WPAN1, B-WL5M-SUBG1, NUCLEO-C031C6, NUCLEO-C071RB, NUCLEO-H503RB, NUCLEO-H533RE, NUCLEO-H563ZI, NUCLEO-H7S3L8, NUCLEO-U031R8, NUCLEO-U083RC, NUCLEO-U545RE-Q, NUCLEO-U5A5ZJ-Q, NUCLEO-WB05KZ, NUCLEO-WB07CC, NUCLEO-WB09KE, NUCLEO-WBA52CG, NUCLEO-WBA55CG, STEVAL-PROTEUS1, STEVAL-SMARTAG2, STEVAL-STWINBX1, STM320518-EVAL, STM32C0116-DK, STM32C011D6Y3TR, STM32C011D6Y6TR, STM32C011F4P3, STM32C011F4P6, STM32C011F4U3, STM32C011F4U6TR, STM32C011F6P3, STM32C011F6P6, STM32C011F6U3, STM32C011F6U6TR, STM32C011J4M3, STM32C011J4M6, STM32C011J6M3, STM32C011J6M6, STM32C0316-DK, STM32C031C4T3, STM32C031C4T6, STM32C031C4U3, STM32C031C4U6, STM32C031C6T3, STM32C031C6T6, STM32C031C6U3, STM32C031C6U6, STM32C031F4P3, STM32C031F4P6, STM32C031F6P3, STM32C031F6P6, STM32C031G4U3, STM32C031G4U6, STM32C031G6U3, STM32C031G6U6, STM32C031K4T3, STM32C031K4T6, STM32C031K4U3, STM32C031K4U6, STM32C031K6T3, STM32C031K6T6, STM32C031K6U3, STM32C031K6U6, STM32C071C8T6, STM32C071C8T6N, STM32C071C8U6, STM32C071C8U6N, STM32C071CBT6, STM32C071CBT6N, STM32C071CBU6, STM32C071CBU6N, STM32C071F8P6, STM32C071F8P6N, STM32C071FBP6, STM32C071FBP6N, STM32C071FBY6TR, STM32C071G8U6, STM32C071G8U6N, STM32C071GBU6, STM32C071GBU6N, STM32C071K8T6, STM32C071K8T6N, STM32C071K8U6, STM32C071K8U6N, STM32C071KBT6, STM32C071KBT6N, STM32C071KBU6, STM32C071KBU6N, STM32C071R8T6, STM32C071R8T6N, STM32C071RBI6N, STM32C071RBT6, STM32C071RBT6N, STM32G071K8TXN, STM32G071K8UXN, STM32G081GBU6N, STM32G081KBT6N, STM32G081KBUXN, STM32G0B1CCT6N, STM32G0B1KCT6, STM32G0B1NEY6TR, STM32G0B1RCT6N, STM32G0C1CCT6, STM32G0C1CCT6N, STM32G0C1CCU6N, STM32G0C1CET6N, STM32G0C1CEU6N, STM32G0C1KCT6, STM32G0C1NEY6TR, STM32G0C1RCI6N, STM32G0C1RCT6N, STM32G0C1REI6N, STM32G0C1RET6N, STM32G0C1VCI6, STM32G0C1VEI6, STM32G411C6T3, STM32G411C6T6, STM32G411C6U3, STM32G411C6U6, STM32G411C8T3, STM32G411C8T6, STM32G411C8U3, STM32G411C8U6, STM32G411CBT3, STM32G411CBT6, STM32G411CBU3, STM32G411CBU6, STM32G411K6T3, STM32G411K6T6, STM32G411K6U3, STM32G411K6U6, STM32G411K8T3, STM32G411K8T6, STM32G411K8U3, STM32G411K8U6, STM32G411KBT3, STM32G411KBT6, STM32G411KBU3, STM32G411KBU6, STM32G411M6T3, STM32G411M6T6, STM32G411M8T3, STM32G411M8T6, STM32G411MBT3, STM32G411MBT6, STM32G411R6T3, STM32G411R6T6, STM32G411R8T3, STM32G411R8T6, STM32G411RBT3, STM32G411RBT6, STM32G414CBT3, STM32G414CBT6, STM32G414CBU3, STM32G414CBU6, STM32G414CCT3, STM32G414CCT6, STM32G414CCU3, STM32G414CCU6, STM32G414MBT3, STM32G414MBT6, STM32G414MCT3, STM32G414MCT6, STM32G414RBT3, STM32G414RBT6, STM32G414RCT3, STM32G414RCT6, STM32G414VBT3, STM32G414VBT6, STM32G414VCT3, STM32G414VCT6, STM32G431CBT3Z, STM32G431RBT3Z, STM32G471CCT6, STM32G471CCU6, STM32G471CET3, STM32G471CET6, STM32G471CEU3, STM32G471CEU6, STM32G471MCT6, STM32G471MET3, STM32G471MET6, STM32G471MEY6TR, STM32G471QCT6, STM32G471QET3, STM32G471RCT6, STM32G471RET3, STM32G471RET6, STM32G471VCH6, STM32G471VCI6, STM32G471VCT6, STM32G471VEH3, STM32G471VEH6, STM32G471VEI3, STM32G471VEI6, STM32G471VET3, STM32G471VET6, STM32G473QET3Z, STM32G473RET3Z, STM32G474CCT6, STM32G491RET3Z, STM32H503CBT6, STM32H503CBU6, STM32H503EBY6TR, STM32H503KBU6, STM32H503RBT6, STM32H523CCT6, STM32H523CCU6, STM32H523CET6, STM32H523CEU6, STM32H523HEY6TR, STM32H523RCT6, STM32H523RET6, STM32H523VCI6, STM32H523VCT6, STM32H523VEI6, STM32H523VET6, STM32H523ZCJ6, STM32H523ZCT6, STM32H523ZEJ6, STM32H523ZET6, STM32H533CET6, STM32H533CEU6, STM32H533HEY6TR, STM32H533RET6, STM32H533VEI6, STM32H533VET6, STM32H533ZEJ6, STM32H533ZET6, STM32H562AGI6, STM32H562AII6, STM32H562IGK6, STM32H562IGT6, STM32H562IIK6, STM32H562IIT6, STM32H562RGT6, STM32H562RGV6, STM32H562RIT6, STM32H562RIV6, STM32H562VGT6, STM32H562VIT6, STM32H562ZGT6, STM32H562ZIT6, STM32H563AGI6, STM32H563AII3Q, STM32H563AII6, STM32H563IGK6, STM32H563IGT6, STM32H563IIK3Q, STM32H563IIK6, STM32H563IIT3Q, STM32H563IIT6, STM32H563MIY3QTR, STM32H563RGT6, STM32H563RGV6, STM32H563RIT6, STM32H563RIV6, STM32H563VGT6, STM32H563VIT3Q, STM32H563VIT6, STM32H563ZGT6, STM32H563ZIT3Q, STM32H563ZIT6, STM32H573AII3Q, STM32H573AII6, STM32H573I-DK, STM32H573IIK3Q, STM32H573IIK6, STM32H573IIT3Q, STM32H573IIT6, STM32H573MIY3QTR, STM32H573RIT6, STM32H573RIV6, STM32H573VIT3Q, STM32H573VIT6, STM32H573ZIT3Q, STM32H573ZIT6, STM32H7R3A8I6, STM32H7R3I8K6, STM32H7R3I8T6, STM32H7R3L8H6, STM32H7R3L8H6H, STM32H7R3R8V6, STM32H7R3V8H6, STM32H7R3V8T6, STM32H7R3V8Y6TR, STM32H7R3Z8J6, STM32H7R3Z8T6, STM32H7R7A8I6, STM32H7R7I8K6, STM32H7R7I8T6, STM32H7R7L8H6, STM32H7R7L8H6H, STM32H7R7Z8J6, STM32H7S3A8I6, STM32H7S3I8K6, STM32H7S3I8T6, STM32H7S3L8H6, STM32H7S3L8H6H, STM32H7S3R8V6, STM32H7S3V8H6, STM32H7S3V8T6, STM32H7S3V8Y6TR, STM32H7S3Z8J6, STM32H7S3Z8T6, STM32H7S78-DK, STM32H7S7A8I6, STM32H7S7I8K6, STM32H7S7I8T6, STM32H7S7L8H6, STM32H7S7L8H6H, STM32H7S7Z8J6, STM32L4R5QGI6STR, STM32MP131AAE3, STM32MP131AAF3, STM32MP131AAG3, STM32MP131CAE3, STM32MP131CAF3, STM32MP131CAG3, STM32MP131DAE7, STM32MP131DAF7, STM32MP131DAG7, STM32MP131FAE7, STM32MP131FAF7, STM32MP131FAG7, STM32MP133AAE3, STM32MP133AAF3, STM32MP133AAG3, STM32MP133CAE3, STM32MP133CAF3, STM32MP133CAG3, STM32MP133DAE7, STM32MP133DAF7, STM32MP133DAG7, STM32MP133FAE7, STM32MP133FAF7, STM32MP133FAG7, STM32MP135AAE3, STM32MP135AAF3, STM32MP135AAG3, STM32MP135CAE3, STM32MP135CAF3, STM32MP135CAG3, STM32MP135DAE7, STM32MP135DAF7, STM32MP135DAG7, STM32MP135F-DK, STM32MP135FAE7, STM32MP135FAF7, STM32MP135FAF7T, STM32MP135FAF7U, STM32MP135FAG7, STM32MP251AAI3, STM32MP251AAK3, STM32MP251AAL3, STM32MP251CAI3, STM32MP251CAK3, STM32MP251CAL3, STM32MP251DAI3, STM32MP251DAK3, STM32MP251DAL3, STM32MP251FAI3, STM32MP251FAK3, STM32MP251FAL3, STM32MP253AAI3, STM32MP253AAK3, STM32MP253AAL3, STM32MP253CAI3, STM32MP253CAK3, STM32MP253CAL3, STM32MP253DAI3, STM32MP253DAK3, STM32MP253DAL3, STM32MP253FAI3, STM32MP253FAK3, STM32MP253FAL3, STM32MP255AAI3, STM32MP255AAK3, STM32MP255AAL3, STM32MP255CAI3, STM32MP255CAK3, STM32MP255CAL3, STM32MP255DAI3, STM32MP255DAK3, STM32MP255DAL3, STM32MP255FAI3, STM32MP255FAK3, STM32MP255FAL3, STM32MP257AAI3, STM32MP257AAK3, STM32MP257AAL3, STM32MP257CAI3, STM32MP257CAK3, STM32MP257CAL3, STM32MP257DAI3, STM32MP257DAK3, STM32MP257DAL3, STM32MP257F-DK, STM32MP257F-EV1, STM32MP257FAI3, STM32MP257FAK3, STM32MP257FAL3, STM32U031C6T6, STM32U031C6U6, STM32U031C8T6, STM32U031C8U6, STM32U031F4P6, STM32U031F6P6, STM32U031F8P6, STM32U031G6Y6TR, STM32U031G8Y6TR, STM32U031K4U6, STM32U031K6U6, STM32U031K8U6, STM32U031R6I6, STM32U031R6T6, STM32U031R8I6, STM32U031R8T6, STM32U073C8T6, STM32U073C8U6, STM32U073CBT6, STM32U073CBU6, STM32U073CCT6, STM32U073CCU6, STM32U073H8Y6TR, STM32U073HBY6TR, STM32U073HCY6TR, STM32U073K8U6, STM32U073KBU6, STM32U073KCU6, STM32U073M8I6, STM32U073M8T6, STM32U073MBI6, STM32U073MBT6, STM32U073MCI6, STM32U073MCT6, STM32U073R8I6, STM32U073R8T6, STM32U073RBI6, STM32U073RBT6, STM32U073RCI6, STM32U073RCT6, STM32U083C-DK, STM32U083CCT6, STM32U083CCU6, STM32U083HCY6TR, STM32U083KCU6, STM32U083MCI6, STM32U083MCT6, STM32U083RCI6, STM32U083RCT6, STM32U535CBT6, STM32U535CBT6Q, STM32U535CBU6, STM32U535CBU6Q, STM32U535CCT6, STM32U535CCT6Q, STM32U535CCU6, STM32U535CCU6Q, STM32U535CET6, STM32U535CET6Q, STM32U535CEU6, STM32U535CEU6Q, STM32U535JEY6QTR, STM32U535NCY6QTR, STM32U535NEY6QTR, STM32U535RBI6, STM32U535RBI6Q, STM32U535RBT6, STM32U535RBT6Q, STM32U535RCI6, STM32U535RCI6Q, STM32U535RCT6, STM32U535RCT6Q, STM32U535REI6, STM32U535REI6Q, STM32U535RET6, STM32U535RET6Q, STM32U535VCI6, STM32U535VCI6Q, STM32U535VCT6, STM32U535VCT6Q, STM32U535VEI6, STM32U535VEI6Q, STM32U535VET6, STM32U535VET6Q, STM32U545CET6, STM32U545CET6Q, STM32U545CEU6, STM32U545CEU6Q, STM32U545JEY6QTR, STM32U545NEY6QTR, STM32U545REI6, STM32U545REI6Q, STM32U545RET6, STM32U545RET6Q, STM32U545VEI6, STM32U545VEI6Q, STM32U545VET6, STM32U545VET6Q, STM32U595AIH6, STM32U595AIH6Q, STM32U595AJH6, STM32U595AJH6Q, STM32U595QII6, STM32U595QII6Q, STM32U595QJI6, STM32U595QJI6Q, STM32U595RIT6, STM32U595RIT6Q, STM32U595RJT6, STM32U595RJT6Q, STM32U595VIT6, STM32U595VIT6Q, STM32U595VJT6, STM32U595VJT6Q, STM32U595ZIT6, STM32U595ZIT6Q, STM32U595ZIY6QTR, STM32U595ZJT6, STM32U595ZJT6Q, STM32U595ZJY6QTR, STM32U599BJY6QTR, STM32U599NIH6Q, STM32U599NJH6Q, STM32U599VIT6Q, STM32U599VJT6, STM32U599VJT6Q, STM32U599ZIT6Q, STM32U599ZIY6QTR, STM32U599ZJT6Q, STM32U599ZJY6QTR, STM32U5A5AJH6, STM32U5A5AJH6Q, STM32U5A5QII3Q , STM32U5A5QJI6, STM32U5A5QJI6Q, STM32U5A5RJT6, STM32U5A5RJT6Q, STM32U5A5VJT6, STM32U5A5VJT6Q, STM32U5A5ZJT6, STM32U5A5ZJT6Q, STM32U5A5ZJY6QTR, STM32U5A9BJY6QTR, STM32U5A9J-DK, STM32U5A9NJH6Q, STM32U5A9VJT6Q, STM32U5A9ZJT6Q, STM32U5A9ZJY6QTR, STM32U5F7VIT6, STM32U5F7VIT6Q, STM32U5F7VJT6, STM32U5F7VJT6Q, STM32U5F9BJY6QTR, STM32U5F9NJH6Q, STM32U5F9VIT6Q, STM32U5F9VJT6Q, STM32U5F9ZIJ6QTR, STM32U5F9ZIT6Q, STM32U5F9ZJJ6QTR, STM32U5F9ZJT6Q, STM32U5G7VJT6, STM32U5G7VJT6Q, STM32U5G9BJY6QTR, STM32U5G9J-DK1, STM32U5G9J-DK2, STM32U5G9NJH6Q, STM32U5G9VJT6Q, STM32U5G9ZJJ6QTR, STM32U5G9ZJT6Q, STM32WB05KZV6TR, STM32WB05KZV7TR, STM32WB05TZF6TR, STM32WB05TZF7TR, STM32WB06CCF6TR, STM32WB06CCF7TR, STM32WB06CCV6TR, STM32WB06CCV7TR, STM32WB06KCV6TR, STM32WB06KCV7TR, STM32WB07CCF6TR, STM32WB07CCF7TR, STM32WB07CCV6TR, STM32WB07CCV7TR, STM32WB07KCV6TR, STM32WB07KCV7TR, STM32WB09KEV6TR, STM32WB09KEV7TR, STM32WB09TEF6TR, STM32WB09TEF7TR, STM32WB1MMCH6, STM32WBA50KGU6, STM32WBA50KGU6TR, STM32WBA52CEU6, STM32WBA52CEU6TR, STM32WBA52CEU7, STM32WBA52CEU7TR, STM32WBA52CGU6, STM32WBA52CGU6TR, STM32WBA52CGU6U, STM32WBA52CGU7, STM32WBA52CGU7TR, STM32WBA52KEU6, STM32WBA52KEU6TR, STM32WBA52KGU6, STM32WBA52KGU6TR, STM32WBA54CEU6, STM32WBA54CEU6TR, STM32WBA54CEU7, STM32WBA54CEU7TR, STM32WBA54CGU6, STM32WBA54CGU6TR, STM32WBA54CGU7, STM32WBA54CGU7TR, STM32WBA54KEU6, STM32WBA54KEU6TR, STM32WBA54KEU7, STM32WBA54KEU7TR, STM32WBA54KGU6, STM32WBA54KGU6TR, STM32WBA54KGU7, STM32WBA54KGU7TR, STM32WBA55CEU6, STM32WBA55CEU6TR, STM32WBA55CEU7, STM32WBA55CEU7TR, STM32WBA55CGU6, STM32WBA55CGU6TR, STM32WBA55CGU6U, STM32WBA55CGU7, STM32WBA55CGU7TR, STM32WBA55G-DK1, STM32WBA55HEF6, STM32WBA55HEF7, STM32WBA55HGF6, STM32WBA55HGF7, STM32WBA55UEI6, STM32WBA55UEI6TR, STM32WBA55UEI7, STM32WBA55UEI7TR, STM32WBA55UGI6, STM32WBA55UGI6TR, STM32WBA55UGI7, STM32WBA55UGI7TR, STM32WL5MOCH6, STM32WL5MOCH6TR]
2024-11-13 11:31:28,395 [INFO] BoardInfo:889 - No configuration file found for board P-NUCLEO-WB55
2024-11-13 11:31:28,396 [INFO] DbBoards:161 - Kit is not supported: P-NUCLEO-WB55
2024-11-13 11:31:28,402 [INFO] BoardInfo:889 - No configuration file found for board STEVAL-BFA001V1B
2024-11-13 11:31:28,403 [INFO] DbBoards:161 - Kit is not supported: STEVAL-BFA001V1B
2024-11-13 11:31:28,404 [INFO] BoardInfo:889 - No configuration file found for board STEVAL-BFA001V2B
2024-11-13 11:31:28,404 [INFO] DbBoards:161 - Kit is not supported: STEVAL-BFA001V2B
2024-11-13 11:31:28,562 [INFO] DbBoards:168 - Found 201 boards, 198 are supported
2024-11-13 11:31:28,562 [INFO] DbBoards:169 - Found 201 boards, 25 of them is supported for  Bsp
2024-11-13 11:31:28,565 [INFO] ApiDb:668 - CubeFinder database Data Model version=2.1
2024-11-13 11:31:28,565 [INFO] ApiDb:669 - CubeFinder database Configuration version=3.0.39
2024-11-13 11:31:28,565 [INFO] ApiDb:670 - CubeFinder database generation date=2024-10-15 (1729006872)
2024-11-13 11:31:28,565 [INFO] ApiDb:671 - CubeFinder database FW Pack versions=[FP-ATR-ASTRA1_V2.0.0, FP-SNS-FLIGHT1_V5.0.2, FP-SNS-MOTENV1_V5.0.0, FP-SNS-MOTENVWB1_V1.4.0, FP-SNS-SMARTAG2_V1.2.0, FP-SNS-STBOX1_V2.0.0, STM32Cube_FW_C0_V1.2.0, STM32Cube_FW_F4_V1.28.1, STM32Cube_FW_F7_V1.17.2, STM32Cube_FW_G0_V1.6.2, STM32Cube_FW_G4_V1.6.0, STM32Cube_FW_H5_V1.3.0, STM32Cube_FW_H7RS_V1.1.0, STM32Cube_FW_H7_V1.11.2, STM32Cube_FW_L0_V1.12.2, STM32Cube_FW_L5_V1.5.1, STM32Cube_FW_U0_V1.1.0, STM32Cube_FW_U5_V1.6.0, STM32Cube_FW_WB0_V1.0.0, STM32Cube_FW_WBA_V1.4.1, STM32Cube_FW_WB_V1.20.0, STM32Cube_FW_WL_V1.3.0, X-CUBE-ALGOBUILD_V1.4.0, X-CUBE-ALS_V1.0.2, X-CUBE-AZRTOS-F4_V1.1.0, X-CUBE-AZRTOS-F7_V1.1.0, X-CUBE-AZRTOS-G0_V1.1.0, X-CUBE-AZRTOS-G4_V2.0.0, X-CUBE-AZRTOS-H7RS_V1.0.0, X-CUBE-AZRTOS-H7_V3.3.0, X-CUBE-AZRTOS-L4_V2.0.0, X-CUBE-AZRTOS-L5_V2.0.0, X-CUBE-AZRTOS-WB_V2.0.0, X-CUBE-AZRTOS-WL_V2.0.0, X-CUBE-BLE1_V7.0.0, X-CUBE-BLE2_V3.3.0, X-CUBE-BLEMGR_V3.1.0, X-CUBE-EEPRMA1_V5.1.0, X-CUBE-FREERTOS_V1.2.0, X-CUBE-GNSS1_V6.0.0, X-CUBE-MEMS1_V11.0.0, X-CUBE-NFC4_V3.0.0, X-CUBE-NFC7_V1.0.1, X-CUBE-SFXS2LP1_V4.0.0, X-CUBE-SUBG2_V5.0.0, X-CUBE-TOF1_V3.4.2]
2024-11-13 11:31:30,638 [INFO] ApiDb:240 - Found 646 in-development CPN: [B-G473E-ZEST1S, B-WB1M-WPAN1, B-WL5M-SUBG1, NUCLEO-C031C6, NUCLEO-C071RB, NUCLEO-H503RB, NUCLEO-H533RE, NUCLEO-H563ZI, NUCLEO-H7S3L8, NUCLEO-U031R8, NUCLEO-U083RC, NUCLEO-U545RE-Q, NUCLEO-U5A5ZJ-Q, NUCLEO-WB05KZ, NUCLEO-WB07CC, NUCLEO-WB09KE, NUCLEO-WBA52CG, NUCLEO-WBA55CG, STEVAL-PROTEUS1, STEVAL-SMARTAG2, STEVAL-STWINBX1, STM320518-EVAL, STM32C0116-DK, STM32C011D6Y3TR, STM32C011D6Y6TR, STM32C011F4P3, STM32C011F4P6, STM32C011F4U3, STM32C011F4U6TR, STM32C011F6P3, STM32C011F6P6, STM32C011F6U3, STM32C011F6U6TR, STM32C011J4M3, STM32C011J4M6, STM32C011J6M3, STM32C011J6M6, STM32C0316-DK, STM32C031C4T3, STM32C031C4T6, STM32C031C4U3, STM32C031C4U6, STM32C031C6T3, STM32C031C6T6, STM32C031C6U3, STM32C031C6U6, STM32C031F4P3, STM32C031F4P6, STM32C031F6P3, STM32C031F6P6, STM32C031G4U3, STM32C031G4U6, STM32C031G6U3, STM32C031G6U6, STM32C031K4T3, STM32C031K4T6, STM32C031K4U3, STM32C031K4U6, STM32C031K6T3, STM32C031K6T6, STM32C031K6U3, STM32C031K6U6, STM32C071C8T6, STM32C071C8T6N, STM32C071C8U6, STM32C071C8U6N, STM32C071CBT6, STM32C071CBT6N, STM32C071CBU6, STM32C071CBU6N, STM32C071F8P6, STM32C071F8P6N, STM32C071FBP6, STM32C071FBP6N, STM32C071FBY6TR, STM32C071G8U6, STM32C071G8U6N, STM32C071GBU6, STM32C071GBU6N, STM32C071K8T6, STM32C071K8T6N, STM32C071K8U6, STM32C071K8U6N, STM32C071KBT6, STM32C071KBT6N, STM32C071KBU6, STM32C071KBU6N, STM32C071R8T6, STM32C071R8T6N, STM32C071RBI6N, STM32C071RBT6, STM32C071RBT6N, STM32G071K8TXN, STM32G071K8UXN, STM32G081GBU6N, STM32G081KBT6N, STM32G081KBUXN, STM32G0B1CCT6N, STM32G0B1KCT6, STM32G0B1NEY6TR, STM32G0B1RCT6N, STM32G0C1CCT6, STM32G0C1CCT6N, STM32G0C1CCU6N, STM32G0C1CET6N, STM32G0C1CEU6N, STM32G0C1KCT6, STM32G0C1NEY6TR, STM32G0C1RCI6N, STM32G0C1RCT6N, STM32G0C1REI6N, STM32G0C1RET6N, STM32G0C1VCI6, STM32G0C1VEI6, STM32G411C6T3, STM32G411C6T6, STM32G411C6U3, STM32G411C6U6, STM32G411C8T3, STM32G411C8T6, STM32G411C8U3, STM32G411C8U6, STM32G411CBT3, STM32G411CBT6, STM32G411CBU3, STM32G411CBU6, STM32G411K6T3, STM32G411K6T6, STM32G411K6U3, STM32G411K6U6, STM32G411K8T3, STM32G411K8T6, STM32G411K8U3, STM32G411K8U6, STM32G411KBT3, STM32G411KBT6, STM32G411KBU3, STM32G411KBU6, STM32G411M6T3, STM32G411M6T6, STM32G411M8T3, STM32G411M8T6, STM32G411MBT3, STM32G411MBT6, STM32G411R6T3, STM32G411R6T6, STM32G411R8T3, STM32G411R8T6, STM32G411RBT3, STM32G411RBT6, STM32G414CBT3, STM32G414CBT6, STM32G414CBU3, STM32G414CBU6, STM32G414CCT3, STM32G414CCT6, STM32G414CCU3, STM32G414CCU6, STM32G414MBT3, STM32G414MBT6, STM32G414MCT3, STM32G414MCT6, STM32G414RBT3, STM32G414RBT6, STM32G414RCT3, STM32G414RCT6, STM32G414VBT3, STM32G414VBT6, STM32G414VCT3, STM32G414VCT6, STM32G431CBT3Z, STM32G431RBT3Z, STM32G471CCT6, STM32G471CCU6, STM32G471CET3, STM32G471CET6, STM32G471CEU3, STM32G471CEU6, STM32G471MCT6, STM32G471MET3, STM32G471MET6, STM32G471MEY6TR, STM32G471QCT6, STM32G471QET3, STM32G471RCT6, STM32G471RET3, STM32G471RET6, STM32G471VCH6, STM32G471VCI6, STM32G471VCT6, STM32G471VEH3, STM32G471VEH6, STM32G471VEI3, STM32G471VEI6, STM32G471VET3, STM32G471VET6, STM32G473QET3Z, STM32G473RET3Z, STM32G474CCT6, STM32G491RET3Z, STM32H503CBT6, STM32H503CBU6, STM32H503EBY6TR, STM32H503KBU6, STM32H503RBT6, STM32H523CCT6, STM32H523CCU6, STM32H523CET6, STM32H523CEU6, STM32H523HEY6TR, STM32H523RCT6, STM32H523RET6, STM32H523VCI6, STM32H523VCT6, STM32H523VEI6, STM32H523VET6, STM32H523ZCJ6, STM32H523ZCT6, STM32H523ZEJ6, STM32H523ZET6, STM32H533CET6, STM32H533CEU6, STM32H533HEY6TR, STM32H533RET6, STM32H533VEI6, STM32H533VET6, STM32H533ZEJ6, STM32H533ZET6, STM32H562AGI6, STM32H562AII6, STM32H562IGK6, STM32H562IGT6, STM32H562IIK6, STM32H562IIT6, STM32H562RGT6, STM32H562RGV6, STM32H562RIT6, STM32H562RIV6, STM32H562VGT6, STM32H562VIT6, STM32H562ZGT6, STM32H562ZIT6, STM32H563AGI6, STM32H563AII3Q, STM32H563AII6, STM32H563IGK6, STM32H563IGT6, STM32H563IIK3Q, STM32H563IIK6, STM32H563IIT3Q, STM32H563IIT6, STM32H563MIY3QTR, STM32H563RGT6, STM32H563RGV6, STM32H563RIT6, STM32H563RIV6, STM32H563VGT6, STM32H563VIT3Q, STM32H563VIT6, STM32H563ZGT6, STM32H563ZIT3Q, STM32H563ZIT6, STM32H573AII3Q, STM32H573AII6, STM32H573I-DK, STM32H573IIK3Q, STM32H573IIK6, STM32H573IIT3Q, STM32H573IIT6, STM32H573MIY3QTR, STM32H573RIT6, STM32H573RIV6, STM32H573VIT3Q, STM32H573VIT6, STM32H573ZIT3Q, STM32H573ZIT6, STM32H7R3A8I6, STM32H7R3I8K6, STM32H7R3I8T6, STM32H7R3L8H6, STM32H7R3L8H6H, STM32H7R3R8V6, STM32H7R3V8H6, STM32H7R3V8T6, STM32H7R3V8Y6TR, STM32H7R3Z8J6, STM32H7R3Z8T6, STM32H7R7A8I6, STM32H7R7I8K6, STM32H7R7I8T6, STM32H7R7L8H6, STM32H7R7L8H6H, STM32H7R7Z8J6, STM32H7S3A8I6, STM32H7S3I8K6, STM32H7S3I8T6, STM32H7S3L8H6, STM32H7S3L8H6H, STM32H7S3R8V6, STM32H7S3V8H6, STM32H7S3V8T6, STM32H7S3V8Y6TR, STM32H7S3Z8J6, STM32H7S3Z8T6, STM32H7S78-DK, STM32H7S7A8I6, STM32H7S7I8K6, STM32H7S7I8T6, STM32H7S7L8H6, STM32H7S7L8H6H, STM32H7S7Z8J6, STM32L4R5QGI6STR, STM32MP131AAE3, STM32MP131AAF3, STM32MP131AAG3, STM32MP131CAE3, STM32MP131CAF3, STM32MP131CAG3, STM32MP131DAE7, STM32MP131DAF7, STM32MP131DAG7, STM32MP131FAE7, STM32MP131FAF7, STM32MP131FAG7, STM32MP133AAE3, STM32MP133AAF3, STM32MP133AAG3, STM32MP133CAE3, STM32MP133CAF3, STM32MP133CAG3, STM32MP133DAE7, STM32MP133DAF7, STM32MP133DAG7, STM32MP133FAE7, STM32MP133FAF7, STM32MP133FAG7, STM32MP135AAE3, STM32MP135AAF3, STM32MP135AAG3, STM32MP135CAE3, STM32MP135CAF3, STM32MP135CAG3, STM32MP135DAE7, STM32MP135DAF7, STM32MP135DAG7, STM32MP135F-DK, STM32MP135FAE7, STM32MP135FAF7, STM32MP135FAF7T, STM32MP135FAF7U, STM32MP135FAG7, STM32MP251AAI3, STM32MP251AAK3, STM32MP251AAL3, STM32MP251CAI3, STM32MP251CAK3, STM32MP251CAL3, STM32MP251DAI3, STM32MP251DAK3, STM32MP251DAL3, STM32MP251FAI3, STM32MP251FAK3, STM32MP251FAL3, STM32MP253AAI3, STM32MP253AAK3, STM32MP253AAL3, STM32MP253CAI3, STM32MP253CAK3, STM32MP253CAL3, STM32MP253DAI3, STM32MP253DAK3, STM32MP253DAL3, STM32MP253FAI3, STM32MP253FAK3, STM32MP253FAL3, STM32MP255AAI3, STM32MP255AAK3, STM32MP255AAL3, STM32MP255CAI3, STM32MP255CAK3, STM32MP255CAL3, STM32MP255DAI3, STM32MP255DAK3, STM32MP255DAL3, STM32MP255FAI3, STM32MP255FAK3, STM32MP255FAL3, STM32MP257AAI3, STM32MP257AAK3, STM32MP257AAL3, STM32MP257CAI3, STM32MP257CAK3, STM32MP257CAL3, STM32MP257DAI3, STM32MP257DAK3, STM32MP257DAL3, STM32MP257F-DK, STM32MP257F-EV1, STM32MP257FAI3, STM32MP257FAK3, STM32MP257FAL3, STM32U031C6T6, STM32U031C6U6, STM32U031C8T6, STM32U031C8U6, STM32U031F4P6, STM32U031F6P6, STM32U031F8P6, STM32U031G6Y6TR, STM32U031G8Y6TR, STM32U031K4U6, STM32U031K6U6, STM32U031K8U6, STM32U031R6I6, STM32U031R6T6, STM32U031R8I6, STM32U031R8T6, STM32U073C8T6, STM32U073C8U6, STM32U073CBT6, STM32U073CBU6, STM32U073CCT6, STM32U073CCU6, STM32U073H8Y6TR, STM32U073HBY6TR, STM32U073HCY6TR, STM32U073K8U6, STM32U073KBU6, STM32U073KCU6, STM32U073M8I6, STM32U073M8T6, STM32U073MBI6, STM32U073MBT6, STM32U073MCI6, STM32U073MCT6, STM32U073R8I6, STM32U073R8T6, STM32U073RBI6, STM32U073RBT6, STM32U073RCI6, STM32U073RCT6, STM32U083C-DK, STM32U083CCT6, STM32U083CCU6, STM32U083HCY6TR, STM32U083KCU6, STM32U083MCI6, STM32U083MCT6, STM32U083RCI6, STM32U083RCT6, STM32U535CBT6, STM32U535CBT6Q, STM32U535CBU6, STM32U535CBU6Q, STM32U535CCT6, STM32U535CCT6Q, STM32U535CCU6, STM32U535CCU6Q, STM32U535CET6, STM32U535CET6Q, STM32U535CEU6, STM32U535CEU6Q, STM32U535JEY6QTR, STM32U535NCY6QTR, STM32U535NEY6QTR, STM32U535RBI6, STM32U535RBI6Q, STM32U535RBT6, STM32U535RBT6Q, STM32U535RCI6, STM32U535RCI6Q, STM32U535RCT6, STM32U535RCT6Q, STM32U535REI6, STM32U535REI6Q, STM32U535RET6, STM32U535RET6Q, STM32U535VCI6, STM32U535VCI6Q, STM32U535VCT6, STM32U535VCT6Q, STM32U535VEI6, STM32U535VEI6Q, STM32U535VET6, STM32U535VET6Q, STM32U545CET6, STM32U545CET6Q, STM32U545CEU6, STM32U545CEU6Q, STM32U545JEY6QTR, STM32U545NEY6QTR, STM32U545REI6, STM32U545REI6Q, STM32U545RET6, STM32U545RET6Q, STM32U545VEI6, STM32U545VEI6Q, STM32U545VET6, STM32U545VET6Q, STM32U595AIH6, STM32U595AIH6Q, STM32U595AJH6, STM32U595AJH6Q, STM32U595QII6, STM32U595QII6Q, STM32U595QJI6, STM32U595QJI6Q, STM32U595RIT6, STM32U595RIT6Q, STM32U595RJT6, STM32U595RJT6Q, STM32U595VIT6, STM32U595VIT6Q, STM32U595VJT6, STM32U595VJT6Q, STM32U595ZIT6, STM32U595ZIT6Q, STM32U595ZIY6QTR, STM32U595ZJT6, STM32U595ZJT6Q, STM32U595ZJY6QTR, STM32U599BJY6QTR, STM32U599NIH6Q, STM32U599NJH6Q, STM32U599VIT6Q, STM32U599VJT6, STM32U599VJT6Q, STM32U599ZIT6Q, STM32U599ZIY6QTR, STM32U599ZJT6Q, STM32U599ZJY6QTR, STM32U5A5AJH6, STM32U5A5AJH6Q, STM32U5A5QII3Q , STM32U5A5QJI6, STM32U5A5QJI6Q, STM32U5A5RJT6, STM32U5A5RJT6Q, STM32U5A5VJT6, STM32U5A5VJT6Q, STM32U5A5ZJT6, STM32U5A5ZJT6Q, STM32U5A5ZJY6QTR, STM32U5A9BJY6QTR, STM32U5A9J-DK, STM32U5A9NJH6Q, STM32U5A9VJT6Q, STM32U5A9ZJT6Q, STM32U5A9ZJY6QTR, STM32U5F7VIT6, STM32U5F7VIT6Q, STM32U5F7VJT6, STM32U5F7VJT6Q, STM32U5F9BJY6QTR, STM32U5F9NJH6Q, STM32U5F9VIT6Q, STM32U5F9VJT6Q, STM32U5F9ZIJ6QTR, STM32U5F9ZIT6Q, STM32U5F9ZJJ6QTR, STM32U5F9ZJT6Q, STM32U5G7VJT6, STM32U5G7VJT6Q, STM32U5G9BJY6QTR, STM32U5G9J-DK1, STM32U5G9J-DK2, STM32U5G9NJH6Q, STM32U5G9VJT6Q, STM32U5G9ZJJ6QTR, STM32U5G9ZJT6Q, STM32WB05KZV6TR, STM32WB05KZV7TR, STM32WB05TZF6TR, STM32WB05TZF7TR, STM32WB06CCF6TR, STM32WB06CCF7TR, STM32WB06CCV6TR, STM32WB06CCV7TR, STM32WB06KCV6TR, STM32WB06KCV7TR, STM32WB07CCF6TR, STM32WB07CCF7TR, STM32WB07CCV6TR, STM32WB07CCV7TR, STM32WB07KCV6TR, STM32WB07KCV7TR, STM32WB09KEV6TR, STM32WB09KEV7TR, STM32WB09TEF6TR, STM32WB09TEF7TR, STM32WB1MMCH6, STM32WBA50KGU6, STM32WBA50KGU6TR, STM32WBA52CEU6, STM32WBA52CEU6TR, STM32WBA52CEU7, STM32WBA52CEU7TR, STM32WBA52CGU6, STM32WBA52CGU6TR, STM32WBA52CGU6U, STM32WBA52CGU7, STM32WBA52CGU7TR, STM32WBA52KEU6, STM32WBA52KEU6TR, STM32WBA52KGU6, STM32WBA52KGU6TR, STM32WBA54CEU6, STM32WBA54CEU6TR, STM32WBA54CEU7, STM32WBA54CEU7TR, STM32WBA54CGU6, STM32WBA54CGU6TR, STM32WBA54CGU7, STM32WBA54CGU7TR, STM32WBA54KEU6, STM32WBA54KEU6TR, STM32WBA54KEU7, STM32WBA54KEU7TR, STM32WBA54KGU6, STM32WBA54KGU6TR, STM32WBA54KGU7, STM32WBA54KGU7TR, STM32WBA55CEU6, STM32WBA55CEU6TR, STM32WBA55CEU7, STM32WBA55CEU7TR, STM32WBA55CGU6, STM32WBA55CGU6TR, STM32WBA55CGU6U, STM32WBA55CGU7, STM32WBA55CGU7TR, STM32WBA55G-DK1, STM32WBA55HEF6, STM32WBA55HEF7, STM32WBA55HGF6, STM32WBA55HGF7, STM32WBA55UEI6, STM32WBA55UEI6TR, STM32WBA55UEI7, STM32WBA55UEI7TR, STM32WBA55UGI6, STM32WBA55UGI6TR, STM32WBA55UGI7, STM32WBA55UGI7TR, STM32WL5MOCH6, STM32WL5MOCH6TR]
2024-11-13 11:31:30,644 [INFO] DbMcus:218 - Found 4252 MCUs, 4252 are supported
2024-11-13 11:31:30,645 [INFO] ApiDb:423 - Load user favorites file C:\Users\students/.stm32cubeide/favorites.mcus.txt: 0 item(s)
2024-11-13 11:31:30,645 [INFO] ApiDb:427 - User favorites MCUs=[]
2024-11-13 11:31:30,645 [INFO] DbMcus:224 - Set 0 / 0 favorites MCUs
2024-11-13 11:31:30,946 [INFO] ApiDb:423 - Load user favorites file C:\Users\students/.stm32cubeide/favorites.boards.txt: 1 item(s)
2024-11-13 11:31:30,946 [INFO] ApiDb:427 - User favorites Boards=[NUCLEO-G474RE]
2024-11-13 11:31:30,946 [INFO] DbBoards:198 - Set 1 / 1 favorites Boards
2024-11-13 11:31:30,946 [INFO] McuFinderGlobals:76 - Set McuFinderConnectedMode to false
2024-11-13 11:31:30,952 [INFO] MultiScanPanel:200 - Auto-refresh data requested => check proxy status ongoing
2024-11-13 11:31:30,952 [INFO] MultiScanPanel:204 - Proxy status is invalid
2024-11-13 11:31:30,954 [INFO] FinderPluginLoader:95 - Searching for filters in installed packs
2024-11-13 11:31:32,188 [INFO] DetailPanel:341 - Set advertising image to C:/Users/students/STM32Cube/Repository/\en.prom-stm32c071-usb-memories-mcu-finder.png
2024-11-13 11:32:55,678 [INFO] MainUpdater:2873 - connection check result : 22
2024-11-13 11:32:55,681 [INFO] MainUpdater:2873 - connection check result : 22
2024-11-13 11:32:56,497 [INFO] RulesReader:64 - Compatibility file has been processed (297 Rules)
2024-11-13 11:32:56,509 [INFO] RulesReader:64 - Compatibility file has been processed (297 Rules)
2024-11-13 11:32:56,513 [INFO] MicroXplorer:468 - Change Database Path : 
2024-11-13 11:32:56,513 [INFO] MicroXplorer:498 - Change Database Version : DB.6.0.121
2024-11-13 11:32:56,520 [WARN] ThirdParty:871 - waiting for thirdparty lock release [close project]
2024-11-13 11:32:56,520 [INFO] ThirdParty:873 - entering critical section [close project]
2024-11-13 11:32:56,521 [INFO] ThirdParty:883 - exiting critical section [close project]
2024-11-13 11:32:56,525 [INFO] PinOutPanel:1561 - setPackage(No Configuration,No Configuration)
2024-11-13 11:32:56,528 [INFO] UtilMem:75 - Begin LoadConfig() Used Memory: 327682040 Bytes (569376768)
2024-11-13 11:32:56,529 [INFO] MicroXplorer:468 - Change Database Path : 
2024-11-13 11:32:56,529 [INFO] MicroXplorer:498 - Change Database Version : DB.6.0.121
2024-11-13 11:32:56,529 [INFO] OpenFileManager:332 - Change cursor
2024-11-13 11:32:56,673 [INFO] Mcu:2032 - Initializing MCU STM32G474RETx STM32G474RETx STM32G474RET6
2024-11-13 11:33:01,756 [INFO] Context:742 - Trying to add GPIOservice into a context  which must be forbidden
2024-11-13 11:33:03,578 [INFO] ImportTextPane:205 - (OptionalMessage_ERROR) Unable to find key (Mcu.ThirdPartyNb) in loaded IOC file
2024-11-13 11:33:03,579 [INFO] ImportTextPane:205 - (OptionalMessage_ERROR) Unable to find key (Mcu.PinsNb) in loaded IOC file
2024-11-13 11:33:03,579 [INFO] ImportTextPane:205 - (OptionalMessage_ERROR) Unable to find key (Mcu.IPNb) in loaded IOC file
2024-11-13 11:33:03,763 [INFO] RtosManager:555 - Registered RTOS mode: class=CMSIS, group=RTOS, mode=CMSIS_V1, owner=FREERTOS
2024-11-13 11:33:03,764 [INFO] RtosManager:555 - Registered RTOS mode: class=CMSIS, group=RTOS2, mode=CMSIS_V2, owner=FREERTOS
2024-11-13 11:33:03,764 [INFO] RtosManager:555 - Registered RTOS mode: class=RTOS, group=Core, mode=CMSIS_V1, owner=FREERTOS
2024-11-13 11:33:03,764 [INFO] RtosManager:555 - Registered RTOS mode: class=RTOS, group=Core, mode=CMSIS_V2, owner=FREERTOS
2024-11-13 11:33:03,764 [WARN] ModelIntegratedComponent:184 - Missing modes for component STMicroelectronics:FreeRTOS:0.0.1:STMicroelectronics:RTOS:FreeRTOS:Core:::10.2.0:
2024-11-13 11:33:03,773 [WARN] ModelIntegratedComponent:63 - No mode defined for component null
2024-11-13 11:33:03,774 [WARN] ModelIntegratedComponent:63 - No mode defined for component null
2024-11-13 11:33:03,774 [WARN] ModelIntegratedComponent:63 - No mode defined for component null
2024-11-13 11:33:03,774 [WARN] ModelIntegratedComponent:63 - No mode defined for component null
2024-11-13 11:33:03,774 [WARN] ModelIntegratedComponent:63 - No mode defined for component null
2024-11-13 11:33:03,774 [WARN] ModelIntegratedComponent:63 - No mode defined for component null
2024-11-13 11:33:03,774 [WARN] ModelIntegratedComponent:63 - No mode defined for component null
2024-11-13 11:33:03,774 [WARN] ModelIntegratedComponent:63 - No mode defined for component null
2024-11-13 11:33:03,774 [WARN] ModelIntegratedComponent:63 - No mode defined for component null
2024-11-13 11:33:03,774 [WARN] ModelIntegratedComponent:63 - No mode defined for component null
2024-11-13 11:33:03,774 [WARN] ModelIntegratedComponent:63 - No mode defined for component null
2024-11-13 11:33:03,774 [WARN] ModelIntegratedComponent:63 - No mode defined for component null
2024-11-13 11:33:03,774 [WARN] ModelIntegratedComponent:63 - No mode defined for component null
2024-11-13 11:33:03,774 [WARN] ModelIntegratedComponent:63 - No mode defined for component null
2024-11-13 11:33:03,774 [WARN] ModelIntegratedComponent:63 - No mode defined for component null
2024-11-13 11:33:03,774 [WARN] ModelIntegratedComponent:63 - No mode defined for component null
2024-11-13 11:33:03,774 [WARN] ModelIntegratedComponent:63 - No mode defined for component null
2024-11-13 11:33:03,774 [WARN] ModelIntegratedComponent:63 - No mode defined for component null
2024-11-13 11:33:03,774 [WARN] ModelIntegratedComponent:63 - No mode defined for component null
2024-11-13 11:33:03,774 [WARN] ModelIntegratedComponent:63 - No mode defined for component null
2024-11-13 11:33:03,774 [WARN] ModelIntegratedComponent:63 - No mode defined for component null
2024-11-13 11:33:03,774 [WARN] ModelIntegratedComponent:63 - No mode defined for component null
2024-11-13 11:33:03,775 [WARN] ModelIntegratedComponent:63 - No mode defined for component null
2024-11-13 11:33:03,775 [WARN] ModelIntegratedComponent:63 - No mode defined for component null
2024-11-13 11:33:03,775 [WARN] ModelIntegratedComponent:63 - No mode defined for component null
2024-11-13 11:33:03,775 [WARN] ModelIntegratedComponent:63 - No mode defined for component null
2024-11-13 11:33:03,775 [WARN] ModelIntegratedComponent:63 - No mode defined for component null
2024-11-13 11:33:03,775 [WARN] ModelIntegratedComponent:63 - No mode defined for component null
2024-11-13 11:33:03,775 [WARN] ModelIntegratedComponent:63 - No mode defined for component null
2024-11-13 11:33:03,775 [WARN] ModelIntegratedComponent:63 - No mode defined for component null
2024-11-13 11:33:03,775 [WARN] ModelIntegratedComponent:63 - No mode defined for component null
2024-11-13 11:33:03,775 [WARN] ModelIntegratedComponent:63 - No mode defined for component null
2024-11-13 11:33:03,775 [WARN] ModelIntegratedComponent:63 - No mode defined for component null
2024-11-13 11:33:03,775 [WARN] ModelIntegratedComponent:63 - No mode defined for component null
2024-11-13 11:33:03,775 [WARN] ModelIntegratedComponent:63 - No mode defined for component null
2024-11-13 11:33:03,775 [WARN] ModelPack:524 - Component already loaded: STMicroelectronics:HAL Drivers:0.0.0:STMicroelectronics:Device:STMicro_Driver:XSPI:HAL::0.0.1:HAL_XSPI
2024-11-13 11:33:03,794 [INFO] ThirdPartyModel:298 - Start build external matchings
2024-11-13 11:33:04,277 [INFO] ThirdPartyModel:316 - End build external matchings
2024-11-13 11:33:04,727 [INFO] UtilMem:75 - End LoadConfig() Used Memory: 532177608 Bytes (793772032)
2024-11-13 11:33:04,870 [WARN] ThirdParty:833 - waiting for thirdparty lock release [change project]
2024-11-13 11:33:04,870 [INFO] ThirdParty:835 - entering critical section [change project]
2024-11-13 11:33:04,871 [INFO] ThirdParty:1030 - CMSIS Pack Vendor :STMicroelectronics USBPD 4.1
2024-11-13 11:33:04,871 [INFO] ThirdParty:1030 - CMSIS Pack Vendor :STMicroelectronics X-CUBE-AZRTOS-H7 3.3.0
2024-11-13 11:33:04,871 [INFO] ThirdParty:1030 - CMSIS Pack Vendor :STMicroelectronics X-CUBE-NFC9 1.0.0
2024-11-13 11:33:04,871 [INFO] ThirdParty:1030 - CMSIS Pack Vendor :STMicroelectronics USB_HOST 2.0.0
2024-11-13 11:33:04,871 [INFO] ThirdParty:1030 - CMSIS Pack Vendor :STMicroelectronics FP-SNS-MOTENVWB1 1.4.0
2024-11-13 11:33:04,871 [INFO] ThirdParty:1030 - CMSIS Pack Vendor :STMicroelectronics X-CUBE-AZRTOS-F4 1.1.0
2024-11-13 11:33:04,871 [INFO] ThirdParty:1030 - CMSIS Pack Vendor :STMicroelectronics LIBJPEG 8.0.0
2024-11-13 11:33:04,871 [INFO] ThirdParty:1030 - CMSIS Pack Vendor :STMicroelectronics X-CUBE-SMBUS 2.1.0
2024-11-13 11:33:04,871 [INFO] ThirdParty:1030 - CMSIS Pack Vendor :STMicroelectronics X-CUBE-WB05N 1.1.0
2024-11-13 11:33:04,871 [INFO] ThirdParty:1030 - CMSIS Pack Vendor :STMicroelectronics USB_DEVICE 3.0.0
2024-11-13 11:33:04,871 [INFO] ThirdParty:1030 - CMSIS Pack Vendor :STMicroelectronics X-CUBE-TCPP 4.1.0
2024-11-13 11:33:04,871 [INFO] ThirdParty:1030 - CMSIS Pack Vendor :STMicroelectronics X-CUBE-ISPU 2.1.0
2024-11-13 11:33:04,871 [INFO] ThirdParty:1030 - CMSIS Pack Vendor :STMicroelectronics X-CUBE-FREERTOS 1.2.0
2024-11-13 11:33:04,871 [INFO] ThirdParty:1030 - CMSIS Pack Vendor :STMicroelectronics X-CUBE-IPS 3.0.0
2024-11-13 11:33:04,871 [INFO] ThirdParty:1030 - CMSIS Pack Vendor :STMicroelectronics X-CUBE-AZRTOS-WB 2.0.0
2024-11-13 11:33:04,871 [INFO] ThirdParty:1030 - CMSIS Pack Vendor :STMicroelectronics X-CUBE-GNSS1 7.0.0
2024-11-13 11:33:04,871 [INFO] ThirdParty:1030 - CMSIS Pack Vendor :STMicroelectronics X-CUBE-AZRTOS-F7 1.1.0
2024-11-13 11:33:04,871 [INFO] ThirdParty:1030 - CMSIS Pack Vendor :STMicroelectronics X-CUBE-AZRTOS-L5 2.0.0
2024-11-13 11:33:04,871 [INFO] ThirdParty:1030 - CMSIS Pack Vendor :STMicroelectronics USB_DEVICE 2.0.0
2024-11-13 11:33:04,871 [INFO] ThirdParty:1030 - CMSIS Pack Vendor :STMicroelectronics X-CUBE-NFC6 3.1.0
2024-11-13 11:33:04,871 [INFO] ThirdParty:1030 - CMSIS Pack Vendor :STMicroelectronics FP-SNS-STBOX1 2.0.0
2024-11-13 11:33:04,871 [INFO] ThirdParty:1030 - CMSIS Pack Vendor :STMicroelectronics X-CUBE-MEMS1 11.0.0
2024-11-13 11:33:04,871 [INFO] ThirdParty:1030 - CMSIS Pack Vendor :STMicroelectronics FreeRTOS 0.0.1
2024-11-13 11:33:04,871 [INFO] ThirdParty:1030 - CMSIS Pack Vendor :STMicroelectronics X-CUBE-AZRTOS-G0 1.1.0
2024-11-13 11:33:04,872 [INFO] ThirdParty:1030 - CMSIS Pack Vendor :STMicroelectronics X-CUBE-SAFEA1 1.2.2
2024-11-13 11:33:04,872 [INFO] ThirdParty:1030 - CMSIS Pack Vendor :STMicroelectronics X-CUBE-NFC4 3.0.0
2024-11-13 11:33:04,872 [INFO] ThirdParty:1030 - CMSIS Pack Vendor :STMicroelectronics X-CUBE-DPower 1.2.0
2024-11-13 11:33:04,872 [INFO] ThirdParty:1030 - CMSIS Pack Vendor :STMicroelectronics X-CUBE-SUBG2 5.0.0
2024-11-13 11:33:04,872 [INFO] ThirdParty:1030 - CMSIS Pack Vendor :STMicroelectronics STM32_WPAN 1.0.0
2024-11-13 11:33:04,872 [INFO] ThirdParty:1030 - CMSIS Pack Vendor :EmbeddedOffice I-CUBE-FS-RTOS 1.0.1
2024-11-13 11:33:04,872 [INFO] ThirdParty:1030 - CMSIS Pack Vendor :STMicroelectronics lwIP 2.0.3
2024-11-13 11:33:04,872 [INFO] ThirdParty:1030 - CMSIS Pack Vendor :STMicroelectronics FP-SNS-FLIGHT1 5.0.2
2024-11-13 11:33:04,872 [INFO] ThirdParty:1030 - CMSIS Pack Vendor :Cesanta I-CUBE-Mongoose 7.13.0
2024-11-13 11:33:04,872 [INFO] ThirdParty:1030 - CMSIS Pack Vendor :STMicroelectronics USB_HOST 1.0.0
2024-11-13 11:33:04,872 [INFO] ThirdParty:1030 - CMSIS Pack Vendor :STMicroelectronics X-CUBE-AZRTOS-G4 2.0.0
2024-11-13 11:33:04,872 [INFO] ThirdParty:1030 - CMSIS Pack Vendor :STMicroelectronics PDM2PCM 3.1.0
2024-11-13 11:33:04,872 [INFO] ThirdParty:1030 - CMSIS Pack Vendor :STMicroelectronics PDM2PCM 3.3.0
2024-11-13 11:33:04,872 [INFO] ThirdParty:1030 - CMSIS Pack Vendor :STMicroelectronics X-CUBE-DISPLAY 3.0.0
2024-11-13 11:33:04,872 [INFO] ThirdParty:1030 - CMSIS Pack Vendor :RealThread X-CUBE-RT-Thread_Nano 4.1.1
2024-11-13 11:33:04,872 [INFO] ThirdParty:1030 - CMSIS Pack Vendor :STMicroelectronics X-CUBE-BLE1 7.0.0
2024-11-13 11:33:04,872 [INFO] ThirdParty:1030 - CMSIS Pack Vendor :STMicroelectronics FP-ATR-SIGFOX1 3.2.0
2024-11-13 11:33:04,872 [INFO] ThirdParty:1030 - CMSIS Pack Vendor :STMicroelectronics X-CUBE-NFC10 1.0.0
2024-11-13 11:33:04,872 [INFO] ThirdParty:1030 - CMSIS Pack Vendor :wolfSSL I-CUBE-wolfSSL 5.7.2
2024-11-13 11:33:04,873 [INFO] ThirdParty:1030 - CMSIS Pack Vendor :STMicroelectronics X-CUBE-EEPRMA1 5.1.0
2024-11-13 11:33:04,873 [INFO] ThirdParty:1030 - CMSIS Pack Vendor :STMicroelectronics HAL Drivers 0.0.0
2024-11-13 11:33:04,873 [INFO] ThirdParty:1030 - CMSIS Pack Vendor :STMicroelectronics MBEDTLS 2.16.2
2024-11-13 11:33:04,873 [INFO] ThirdParty:1030 - CMSIS Pack Vendor :STMicroelectronics X-CUBE-ALS 1.0.2
2024-11-13 11:33:04,873 [INFO] ThirdParty:1030 - CMSIS Pack Vendor :emotas I-CUBE-CANOPEN 1.3.0
2024-11-13 11:33:04,873 [INFO] ThirdParty:1030 - CMSIS Pack Vendor :STMicroelectronics X-CUBE-NFC7 1.0.1
2024-11-13 11:33:04,873 [INFO] ThirdParty:1030 - CMSIS Pack Vendor :STMicroelectronics MBEDTLS 2.14.1
2024-11-13 11:33:04,873 [INFO] ThirdParty:1030 - CMSIS Pack Vendor :ITTIA_DB I-CUBE-ITTIADB 8.9.0
2024-11-13 11:33:04,873 [INFO] ThirdParty:1030 - CMSIS Pack Vendor :STMicroelectronics X-CUBE-TOUCHGFX 4.24.1
2024-11-13 11:33:04,873 [INFO] ThirdParty:1030 - CMSIS Pack Vendor :wolfSSL I-CUBE-wolfTPM 3.4.0
2024-11-13 11:33:04,873 [INFO] ThirdParty:1030 - CMSIS Pack Vendor :portGmbH I-Cube-SoM-uGOAL 1.1.0
2024-11-13 11:33:04,873 [INFO] ThirdParty:1030 - CMSIS Pack Vendor :STMicroelectronics X-CUBE-BLEMGR 3.1.0
2024-11-13 11:33:04,873 [INFO] ThirdParty:1030 - CMSIS Pack Vendor :STMicroelectronics ThreadX 1.0.0
2024-11-13 11:33:04,873 [INFO] ThirdParty:1030 - CMSIS Pack Vendor :STMicroelectronics FP-SNS-SMARTAG2 1.2.0
2024-11-13 11:33:04,873 [INFO] ThirdParty:1030 - CMSIS Pack Vendor :STMicroelectronics X-CUBE-AZRTOS-WL 2.0.0
2024-11-13 11:33:04,873 [INFO] ThirdParty:1030 - CMSIS Pack Vendor :SEGGER I-CUBE-embOS 1.3.1
2024-11-13 11:33:04,873 [INFO] ThirdParty:1030 - CMSIS Pack Vendor :STMicroelectronics X-CUBE-ALGOBUILD 1.4.0
2024-11-13 11:33:04,873 [INFO] ThirdParty:1030 - CMSIS Pack Vendor :STMicroelectronics FP-SNS-MOTENV1 5.0.0
2024-11-13 11:33:04,873 [INFO] ThirdParty:1030 - CMSIS Pack Vendor :STMicroelectronics USB_DEVICE 1.0.0
2024-11-13 11:33:04,873 [INFO] ThirdParty:1030 - CMSIS Pack Vendor :STMicroelectronics X-CUBE-AZRTOS-H7RS 1.0.0
2024-11-13 11:33:04,873 [INFO] ThirdParty:1030 - CMSIS Pack Vendor :wolfSSL I-CUBE-wolfMQTT 1.19.0
2024-11-13 11:33:04,873 [INFO] ThirdParty:1030 - CMSIS Pack Vendor :STMicroelectronics X-CUBE-AZRTOS-L4 2.0.0
2024-11-13 11:33:04,873 [INFO] ThirdParty:1030 - CMSIS Pack Vendor :STMicroelectronics ThreadX 0.0.2
2024-11-13 11:33:04,873 [INFO] ThirdParty:1030 - CMSIS Pack Vendor :WES I-CUBE-Cesium 1.3.0
2024-11-13 11:33:04,873 [INFO] ThirdParty:1030 - CMSIS Pack Vendor :STMicroelectronics FP-ATR-ASTRA1 2.0.0
2024-11-13 11:33:04,874 [INFO] ThirdParty:1030 - CMSIS Pack Vendor :STMicroelectronics lwIP 2.1.2
2024-11-13 11:33:04,874 [INFO] ThirdParty:1030 - CMSIS Pack Vendor :STMicroelectronics X-CUBE-SFXS2LP1 4.0.0
2024-11-13 11:33:04,874 [INFO] ThirdParty:1030 - CMSIS Pack Vendor :STMicroelectronics X-CUBE-BLE2 3.3.0
2024-11-13 11:33:04,874 [INFO] ThirdParty:1030 - CMSIS Pack Vendor :STMicroelectronics X-CUBE-TOF1 3.4.2
2024-11-13 11:33:04,874 [INFO] ThirdParty:1030 - CMSIS Pack Vendor :STMicroelectronics X-CUBE-AI 9.1.0
2024-11-13 11:33:04,874 [INFO] ThirdParty:1030 - CMSIS Pack Vendor :Infineon AIROC-Wi-Fi-Bluetooth-STM32 1.6.1
2024-11-13 11:33:04,874 [INFO] ThirdParty:1030 - CMSIS Pack Vendor :STMicroelectronics PDM2PCM 3.2.0
2024-11-13 11:33:04,874 [INFO] ThirdParty:1030 - CMSIS Pack Vendor :wolfSSL I-CUBE-wolfSSH 1.4.17
2024-11-13 11:33:04,874 [INFO] ThirdParty:841 - exiting critical section [change project]
2024-11-13 11:33:05,336 [INFO] PinOutPanel:1561 - setPackage(No Configuration,No Configuration)
2024-11-13 11:33:05,338 [INFO] PinOutPanel:1561 - setPackage(STM32G474RETx,LQFP64)
2024-11-13 11:33:05,813 [INFO] UtilMem:75 - Before build in PCC Used Memory: 330261088 Bytes (793772032)
2024-11-13 11:33:06,538 [INFO] UtilMem:75 - After build in PCC Used Memory: 464965624 Bytes (793772032)
2024-11-13 11:33:06,566 [INFO] IPUIPlugin:80 - create IPUIPlugin
2024-11-13 11:33:06,566 [INFO] IPUIPlugin:80 - create IPUIPlugin
2024-11-13 11:33:06,566 [INFO] IPUIPlugin:80 - create IPUIPlugin
2024-11-13 11:33:06,566 [INFO] IPUIPlugin:80 - create IPUIPlugin
2024-11-13 11:33:06,566 [INFO] IPUIPlugin:80 - create IPUIPlugin
2024-11-13 11:33:06,566 [INFO] IPUIPlugin:80 - create IPUIPlugin
2024-11-13 11:33:06,567 [INFO] IPUIPlugin:80 - create IPUIPlugin
2024-11-13 11:33:06,567 [INFO] IPUIPlugin:80 - create IPUIPlugin
2024-11-13 11:33:06,567 [INFO] IPUIPlugin:80 - create IPUIPlugin
2024-11-13 11:33:06,567 [INFO] IPUIPlugin:80 - create IPUIPlugin
2024-11-13 11:33:06,567 [INFO] IPUIPlugin:80 - create IPUIPlugin
2024-11-13 11:33:06,567 [INFO] IPUIPlugin:80 - create IPUIPlugin
2024-11-13 11:33:06,567 [INFO] IPUIPlugin:80 - create IPUIPlugin
2024-11-13 11:33:06,567 [INFO] IPUIPlugin:80 - create IPUIPlugin
2024-11-13 11:33:06,567 [INFO] IPUIPlugin:80 - create IPUIPlugin
2024-11-13 11:33:06,567 [INFO] IPUIPlugin:80 - create IPUIPlugin
2024-11-13 11:33:06,568 [INFO] IPUIPlugin:80 - create IPUIPlugin
2024-11-13 11:33:06,568 [INFO] IPUIPlugin:80 - create IPUIPlugin
2024-11-13 11:33:06,568 [INFO] IPUIPlugin:80 - create IPUIPlugin
2024-11-13 11:33:06,568 [INFO] IPUIPlugin:80 - create IPUIPlugin
2024-11-13 11:33:06,568 [INFO] IPUIPlugin:80 - create IPUIPlugin
2024-11-13 11:33:06,568 [INFO] IPUIPlugin:80 - create IPUIPlugin
2024-11-13 11:33:06,568 [INFO] IPUIPlugin:80 - create IPUIPlugin
2024-11-13 11:33:06,568 [INFO] IPUIPlugin:80 - create IPUIPlugin
2024-11-13 11:33:06,568 [INFO] IPUIPlugin:80 - create IPUIPlugin
2024-11-13 11:33:06,569 [INFO] IPUIPlugin:80 - create IPUIPlugin
2024-11-13 11:33:06,569 [INFO] IPUIPlugin:80 - create IPUIPlugin
2024-11-13 11:33:06,569 [INFO] IPUIPlugin:80 - create IPUIPlugin
2024-11-13 11:33:06,569 [INFO] IPUIPlugin:80 - create IPUIPlugin
2024-11-13 11:33:06,569 [INFO] IPUIPlugin:80 - create IPUIPlugin
2024-11-13 11:33:06,569 [INFO] IPUIPlugin:80 - create IPUIPlugin
2024-11-13 11:33:06,570 [INFO] IPUIPlugin:80 - create IPUIPlugin
2024-11-13 11:33:06,570 [INFO] IPUIPlugin:80 - create IPUIPlugin
2024-11-13 11:33:06,570 [INFO] IPUIPlugin:80 - create IPUIPlugin
2024-11-13 11:33:06,570 [INFO] IPUIPlugin:80 - create IPUIPlugin
2024-11-13 11:33:06,570 [INFO] IPUIPlugin:80 - create IPUIPlugin
2024-11-13 11:33:06,570 [INFO] IPUIPlugin:80 - create IPUIPlugin
2024-11-13 11:33:06,571 [INFO] IPUIPlugin:80 - create IPUIPlugin
2024-11-13 11:33:06,571 [INFO] IPUIPlugin:80 - create IPUIPlugin
2024-11-13 11:33:06,571 [INFO] IPUIPlugin:80 - create IPUIPlugin
2024-11-13 11:33:06,571 [INFO] IPUIPlugin:80 - create IPUIPlugin
2024-11-13 11:33:06,571 [INFO] IPUIPlugin:80 - create IPUIPlugin
2024-11-13 11:33:06,572 [INFO] IPUIPlugin:80 - create IPUIPlugin
2024-11-13 11:33:06,572 [INFO] IPUIPlugin:80 - create IPUIPlugin
2024-11-13 11:33:06,572 [INFO] IPUIPlugin:80 - create IPUIPlugin
2024-11-13 11:33:06,572 [INFO] IPUIPlugin:80 - create IPUIPlugin
2024-11-13 11:33:06,572 [INFO] IPUIPlugin:80 - create IPUIPlugin
2024-11-13 11:33:06,573 [INFO] IPUIPlugin:80 - create IPUIPlugin
2024-11-13 11:33:06,573 [INFO] IPUIPlugin:80 - create IPUIPlugin
2024-11-13 11:33:06,573 [INFO] IPUIPlugin:80 - create IPUIPlugin
2024-11-13 11:33:06,574 [INFO] IPUIPlugin:80 - create IPUIPlugin
2024-11-13 11:33:06,574 [INFO] IPUIPlugin:80 - create IPUIPlugin
2024-11-13 11:33:06,574 [INFO] IPUIPlugin:80 - create IPUIPlugin
2024-11-13 11:33:06,575 [INFO] IPUIPlugin:80 - create IPUIPlugin
2024-11-13 11:33:06,575 [INFO] IPUIPlugin:80 - create IPUIPlugin
2024-11-13 11:33:06,576 [INFO] IPUIPlugin:80 - create IPUIPlugin
2024-11-13 11:33:06,576 [INFO] IPUIPlugin:80 - create IPUIPlugin
2024-11-13 11:33:06,576 [INFO] IPUIPlugin:80 - create IPUIPlugin
2024-11-13 11:33:06,577 [INFO] IPUIPlugin:80 - create IPUIPlugin
2024-11-13 11:33:06,577 [INFO] IPUIPlugin:80 - create IPUIPlugin
2024-11-13 11:33:06,577 [INFO] IPUIPlugin:80 - create IPUIPlugin
2024-11-13 11:33:06,578 [INFO] IPUIPlugin:80 - create IPUIPlugin
2024-11-13 11:33:06,578 [INFO] IPUIPlugin:80 - create IPUIPlugin
2024-11-13 11:33:06,578 [INFO] IPUIPlugin:80 - create IPUIPlugin
2024-11-13 11:33:06,579 [INFO] IPUIPlugin:80 - create IPUIPlugin
2024-11-13 11:33:06,579 [INFO] IPUIPlugin:80 - create IPUIPlugin
2024-11-13 11:33:06,579 [INFO] IPUIPlugin:80 - create IPUIPlugin
2024-11-13 11:33:06,580 [INFO] IPUIPlugin:80 - create IPUIPlugin
2024-11-13 11:33:06,580 [INFO] IPUIPlugin:80 - create IPUIPlugin
2024-11-13 11:33:06,580 [INFO] IPUIPlugin:80 - create IPUIPlugin
2024-11-13 11:33:06,580 [INFO] IPUIPlugin:80 - create IPUIPlugin
2024-11-13 11:33:06,580 [INFO] IPUIPlugin:80 - create IPUIPlugin
2024-11-13 11:33:06,581 [INFO] IPUIPlugin:80 - create IPUIPlugin
2024-11-13 11:33:06,581 [INFO] IPUIPlugin:80 - create IPUIPlugin
2024-11-13 11:33:06,581 [INFO] IPUIPlugin:80 - create IPUIPlugin
2024-11-13 11:33:06,582 [INFO] IPUIPlugin:80 - create IPUIPlugin
2024-11-13 11:33:06,582 [INFO] IPUIPlugin:80 - create IPUIPlugin
2024-11-13 11:33:06,755 [INFO] CADModel:165 - CPN selected for project levelSTM32G474RET6
2024-11-13 11:33:06,755 [INFO] CADModel:114 - Register for checkConnection events
2024-11-13 11:33:06,801 [INFO] OpenFileManager:363 - Restore cursor
2024-11-13 11:33:07,473 [INFO] UtilMem:75 - End SaveConfig() Used Memory: 601451704 Bytes (793772032)
2024-11-13 11:33:07,513 [ERROR] ConfigurationRetriever:142 - IOException on connection: sw-center.st.com
2024-11-13 11:33:07,513 [ERROR] ConfigurationRetriever:142 - IOException on connection: sw-center.st.com
2024-11-13 11:33:07,514 [ERROR] ConfigurationRetriever:142 - IOException on connection: sw-center.st.com
2024-11-13 11:33:07,539 [INFO] UtilMem:75 - End SaveConfig() Used Memory: 626222016 Bytes (793772032)
2024-11-13 11:33:08,022 [INFO] BlockDiagram:2766 - set Specific Code input for plugin: RCC
2024-11-13 11:33:08,022 [INFO] BlockDiagram:2766 - set Specific Code input for plugin: NVIC
2024-11-13 11:33:08,023 [INFO] CodeGenerator:807 - code generatio: config db path: C:\ST\STM32CubeIDE_1.16.1\STM32CubeIDE\plugins\com.st.stm32cube.common.mx_6.12.1.202409122256\\db\
2024-11-13 11:33:08,275 [INFO] CodeEngine:255 - oldGeneratedFile, C:\Users\students\Documents\69A_IA\EMZ_LAB_2024\Lab_1\lab2\l2\MXTmpFiles\license.tmp_save
2024-11-13 11:33:08,598 [INFO] CodeEngine:279 - Generated code: C:\Users\students\Documents\69A_IA\EMZ_LAB_2024\Lab_1\lab2\l2\MXTmpFiles\license.tmp
2024-11-13 11:33:08,624 [INFO] CodeEngine:255 - oldGeneratedFile, C:\Users\students\Documents\69A_IA\EMZ_LAB_2024\Lab_1\lab2\l2\Core\Src\stm32g4xx_it.c_save
2024-11-13 11:33:08,790 [INFO] CodeEngine:279 - Generated code: C:\Users\students\Documents\69A_IA\EMZ_LAB_2024\Lab_1\lab2\l2\Core\Src\stm32g4xx_it.c
2024-11-13 11:33:08,796 [INFO] CodeEngine:255 - oldGeneratedFile, C:\Users\students\Documents\69A_IA\EMZ_LAB_2024\Lab_1\lab2\l2\Core\Inc\stm32g4xx_it.h_save
2024-11-13 11:33:08,905 [INFO] CodeEngine:279 - Generated code: C:\Users\students\Documents\69A_IA\EMZ_LAB_2024\Lab_1\lab2\l2\Core\Inc\stm32g4xx_it.h
2024-11-13 11:33:09,036 [INFO] CodeEngine:255 - oldGeneratedFile, C:\Users\students\Documents\69A_IA\EMZ_LAB_2024\Lab_1\lab2\l2\Core\Src\stm32g4xx_hal_msp.c_save
2024-11-13 11:33:09,186 [INFO] CodeEngine:279 - Generated code: C:\Users\students\Documents\69A_IA\EMZ_LAB_2024\Lab_1\lab2\l2\Core\Src\stm32g4xx_hal_msp.c
2024-11-13 11:33:09,193 [INFO] CodeEngine:255 - oldGeneratedFile, C:\Users\students\Documents\69A_IA\EMZ_LAB_2024\Lab_1\lab2\l2\MXTmpFiles\system.tmp_save
2024-11-13 11:33:09,273 [INFO] CodeEngine:279 - Generated code: C:\Users\students\Documents\69A_IA\EMZ_LAB_2024\Lab_1\lab2\l2\MXTmpFiles\system.tmp
2024-11-13 11:33:09,295 [INFO] CodeEngine:311 - oldGeneratedFile, C:\Users\students\Documents\69A_IA\EMZ_LAB_2024\Lab_1\lab2\l2\Core\Inc\stm32g4xx_hal_conf.h_save
2024-11-13 11:33:09,392 [INFO] CodeEngine:335 - Generated code: C:\Users\students\Documents\69A_IA\EMZ_LAB_2024\Lab_1\lab2\l2\Core\Inc\stm32g4xx_hal_conf.h
2024-11-13 11:33:09,433 [WARN] IPConfigManager:3005 - Warning: the RefConfig RCC_CommonPeriphClockConfig is not available in your config.xml file
2024-11-13 11:33:09,462 [INFO] CodeEngine:255 - oldGeneratedFile, C:\Users\students\Documents\69A_IA\EMZ_LAB_2024\Lab_1\lab2\l2\Core\Inc\main.h_save
2024-11-13 11:33:09,577 [INFO] CodeEngine:279 - Generated code: C:\Users\students\Documents\69A_IA\EMZ_LAB_2024\Lab_1\lab2\l2\Core\Inc\main.h
2024-11-13 11:33:09,589 [INFO] CodeEngine:255 - oldGeneratedFile, C:\Users\students\Documents\69A_IA\EMZ_LAB_2024\Lab_1\lab2\l2\Core\Src\main.c_save
2024-11-13 11:33:09,732 [INFO] CodeEngine:279 - Generated code: C:\Users\students\Documents\69A_IA\EMZ_LAB_2024\Lab_1\lab2\l2\Core\Src\main.c
2024-11-13 11:33:10,122 [INFO] ProjectBuilder:3249 - Time for Copy HAL[1] : 197mS.
2024-11-13 11:33:10,131 [INFO] ProjectBuilder:4828 - Project Generator version: 4.5.0-B34
2024-11-13 11:33:10,225 [INFO] ConfigFileManager:1531 - The Die is : DIE469
2024-11-13 11:33:10,242 [INFO] ApiDbMcu:508 - Load IP Config File for FATFS
2024-11-13 11:33:10,257 [INFO] ApiDbMcu:508 - Load IP Config File for FREERTOS
2024-11-13 11:33:10,273 [INFO] ApiDbMcu:508 - Load IP Config File for USBPD
2024-11-13 11:33:10,290 [INFO] ApiDbMcu:508 - Load IP Config File for USB_Device
2024-11-13 11:33:10,925 [INFO] LogOutputStream:77 - [STDOUT_REDIRECT] 
2024-11-13 11:33:13,823 [INFO] ProjectBuilder:5097 - Time for Generating toolchain IDE Files: 3692mS.
2024-11-13 11:33:13,825 [INFO] ProjectBuilder:3107 - Time for Copy CMSIS : 0mS.
2024-11-13 11:33:13,827 [INFO] ProjectBuilder:3107 - Time for Copy CMSIS : 0mS.
2024-11-13 11:33:14,419 [ERROR] ConfigurationRetriever:142 - IOException on connection: sw-center.st.com
2024-11-13 11:33:14,419 [ERROR] ConfigurationRetriever:142 - IOException on connection: sw-center.st.com
2024-11-13 11:33:14,420 [ERROR] ConfigurationRetriever:142 - IOException on connection: sw-center.st.com
2024-11-13 11:33:14,805 [INFO] McuFinderGlobals:76 - Set McuFinderConnectedMode to true
2024-11-13 11:33:14,808 [INFO] ApiDb:448 - Save user favorites file C:\Users\students/.stm32cubeide/favorites.mcus.txt: 0 item(s)
2024-11-13 11:33:14,817 [INFO] ApiDb:452 - User favorites MCUs=[]
2024-11-13 11:37:11,433 [INFO] Gpio:277 - dependency for GPIO []
2024-11-13 11:38:11,413 [INFO] UtilMem:75 - End SaveConfig() Used Memory: 452944072 Bytes (846200832)
2024-11-13 11:38:11,481 [ERROR] ConfigurationRetriever:142 - IOException on connection: sw-center.st.com
2024-11-13 11:38:11,482 [ERROR] ConfigurationRetriever:142 - IOException on connection: sw-center.st.com
2024-11-13 11:38:11,482 [ERROR] ConfigurationRetriever:142 - IOException on connection: sw-center.st.com
2024-11-13 11:38:13,464 [INFO] UtilMem:75 - End SaveConfig() Used Memory: 489121992 Bytes (846200832)
2024-11-13 11:38:13,498 [ERROR] ConfigurationRetriever:142 - IOException on connection: sw-center.st.com
2024-11-13 11:38:13,499 [ERROR] ConfigurationRetriever:142 - IOException on connection: sw-center.st.com
2024-11-13 11:38:13,499 [ERROR] ConfigurationRetriever:142 - IOException on connection: sw-center.st.com
2024-11-13 11:38:14,502 [INFO] UtilMem:75 - End SaveConfig() Used Memory: 547317952 Bytes (846200832)
2024-11-13 11:38:14,652 [INFO] BlockDiagram:2766 - set Specific Code input for plugin: RCC
2024-11-13 11:38:14,652 [INFO] BlockDiagram:2766 - set Specific Code input for plugin: NVIC
2024-11-13 11:38:14,653 [INFO] BlockDiagram:2766 - set Specific Code input for plugin: GPIO
2024-11-13 11:38:14,653 [INFO] CodeGenerator:807 - code generatio: config db path: C:\ST\STM32CubeIDE_1.16.1\STM32CubeIDE\plugins\com.st.stm32cube.common.mx_6.12.1.202409122256\\db\
2024-11-13 11:38:14,724 [INFO] CodeEngine:255 - oldGeneratedFile, C:\Users\students\Documents\69A_IA\EMZ_LAB_2024\Lab_1\lab2\l2\MXTmpFiles\license.tmp_save
2024-11-13 11:38:14,867 [INFO] CodeEngine:279 - Generated code: C:\Users\students\Documents\69A_IA\EMZ_LAB_2024\Lab_1\lab2\l2\MXTmpFiles\license.tmp
2024-11-13 11:38:14,923 [INFO] CodeEngine:255 - oldGeneratedFile, C:\Users\students\Documents\69A_IA\EMZ_LAB_2024\Lab_1\lab2\l2\MXTmpFiles\gpio.tmp_save
2024-11-13 11:38:15,056 [INFO] CodeEngine:279 - Generated code: C:\Users\students\Documents\69A_IA\EMZ_LAB_2024\Lab_1\lab2\l2\MXTmpFiles\gpio.tmp
2024-11-13 11:38:15,100 [INFO] CodeEngine:255 - oldGeneratedFile, C:\Users\students\Documents\69A_IA\EMZ_LAB_2024\Lab_1\lab2\l2\Core\Src\stm32g4xx_it.c_save
2024-11-13 11:38:15,193 [INFO] CodeEngine:279 - Generated code: C:\Users\students\Documents\69A_IA\EMZ_LAB_2024\Lab_1\lab2\l2\Core\Src\stm32g4xx_it.c
2024-11-13 11:38:15,206 [INFO] CodeEngine:255 - oldGeneratedFile, C:\Users\students\Documents\69A_IA\EMZ_LAB_2024\Lab_1\lab2\l2\Core\Inc\stm32g4xx_it.h_save
2024-11-13 11:38:15,272 [INFO] CodeEngine:279 - Generated code: C:\Users\students\Documents\69A_IA\EMZ_LAB_2024\Lab_1\lab2\l2\Core\Inc\stm32g4xx_it.h
2024-11-13 11:38:15,309 [INFO] CodeEngine:255 - oldGeneratedFile, C:\Users\students\Documents\69A_IA\EMZ_LAB_2024\Lab_1\lab2\l2\Core\Src\stm32g4xx_hal_msp.c_save
2024-11-13 11:38:15,410 [INFO] CodeEngine:279 - Generated code: C:\Users\students\Documents\69A_IA\EMZ_LAB_2024\Lab_1\lab2\l2\Core\Src\stm32g4xx_hal_msp.c
2024-11-13 11:38:15,415 [INFO] CodeEngine:255 - oldGeneratedFile, C:\Users\students\Documents\69A_IA\EMZ_LAB_2024\Lab_1\lab2\l2\MXTmpFiles\system.tmp_save
2024-11-13 11:38:15,468 [INFO] CodeEngine:279 - Generated code: C:\Users\students\Documents\69A_IA\EMZ_LAB_2024\Lab_1\lab2\l2\MXTmpFiles\system.tmp
2024-11-13 11:38:15,487 [INFO] CodeEngine:311 - oldGeneratedFile, C:\Users\students\Documents\69A_IA\EMZ_LAB_2024\Lab_1\lab2\l2\Core\Inc\stm32g4xx_hal_conf.h_save
2024-11-13 11:38:15,589 [INFO] CodeEngine:335 - Generated code: C:\Users\students\Documents\69A_IA\EMZ_LAB_2024\Lab_1\lab2\l2\Core\Inc\stm32g4xx_hal_conf.h
2024-11-13 11:38:15,609 [WARN] IPConfigManager:3005 - Warning: the RefConfig RCC_CommonPeriphClockConfig is not available in your config.xml file
2024-11-13 11:38:15,628 [INFO] CodeEngine:255 - oldGeneratedFile, C:\Users\students\Documents\69A_IA\EMZ_LAB_2024\Lab_1\lab2\l2\Core\Inc\main.h_save
2024-11-13 11:38:15,721 [INFO] CodeEngine:279 - Generated code: C:\Users\students\Documents\69A_IA\EMZ_LAB_2024\Lab_1\lab2\l2\Core\Inc\main.h
2024-11-13 11:38:15,734 [INFO] CodeEngine:255 - oldGeneratedFile, C:\Users\students\Documents\69A_IA\EMZ_LAB_2024\Lab_1\lab2\l2\Core\Src\main.c_save
2024-11-13 11:38:15,835 [INFO] CodeEngine:279 - Generated code: C:\Users\students\Documents\69A_IA\EMZ_LAB_2024\Lab_1\lab2\l2\Core\Src\main.c
2024-11-13 11:38:16,114 [INFO] ProjectBuilder:3249 - Time for Copy HAL[1] : 121mS.
2024-11-13 11:38:16,117 [INFO] ProjectBuilder:4828 - Project Generator version: 4.5.0-B34
2024-11-13 11:38:16,189 [INFO] ConfigFileManager:1531 - The Die is : DIE469
2024-11-13 11:38:17,288 [INFO] ProjectBuilder:5097 - Time for Generating toolchain IDE Files: 1171mS.
2024-11-13 11:38:17,289 [INFO] ProjectBuilder:3107 - Time for Copy CMSIS : 1mS.
2024-11-13 11:38:17,291 [INFO] ProjectBuilder:3107 - Time for Copy CMSIS : 0mS.
2024-11-13 11:38:17,380 [ERROR] ConfigurationRetriever:142 - IOException on connection: sw-center.st.com
2024-11-13 11:38:17,380 [ERROR] ConfigurationRetriever:142 - IOException on connection: sw-center.st.com
2024-11-13 11:38:17,381 [ERROR] ConfigurationRetriever:142 - IOException on connection: sw-center.st.com
2024-11-13 11:56:12,375 [INFO] Gpio:277 - dependency for GPIO []
2024-11-13 11:56:12,441 [INFO] DmaTabbedPanel:205 - Cannot restore the selected Tab for DMA
2024-11-13 11:56:13,221 [INFO] Gpio:277 - dependency for GPIO []
2024-11-13 11:57:56,111 [INFO] Gpio:277 - dependency for GPIO []
2024-11-13 11:58:05,464 [INFO] Gpio:277 - dependency for GPIO []
2024-11-13 11:58:09,737 [INFO] Gpio:277 - dependency for GPIO []
2024-11-13 11:59:10,246 [INFO] Gpio:277 - dependency for GPIO []
2024-11-13 11:59:35,357 [INFO] Gpio:277 - dependency for GPIO []
2024-11-13 12:37:19,017 [INFO] UtilMem:75 - End SaveConfig() Used Memory: 676574712 Bytes (905969664)
2024-11-13 12:37:19,057 [ERROR] ConfigurationRetriever:142 - IOException on connection: sw-center.st.com
2024-11-13 12:37:19,057 [ERROR] ConfigurationRetriever:142 - IOException on connection: sw-center.st.com
2024-11-13 12:37:19,058 [ERROR] ConfigurationRetriever:142 - IOException on connection: sw-center.st.com
2024-11-13 12:37:20,637 [INFO] UtilMem:75 - End SaveConfig() Used Memory: 727353632 Bytes (905969664)
2024-11-13 12:37:24,613 [INFO] UtilMem:75 - End SaveConfig() Used Memory: 322483856 Bytes (905969664)
2024-11-13 12:37:24,641 [ERROR] ConfigurationRetriever:142 - IOException on connection: sw-center.st.com
2024-11-13 12:37:24,642 [ERROR] ConfigurationRetriever:142 - IOException on connection: sw-center.st.com
2024-11-13 12:37:24,642 [ERROR] ConfigurationRetriever:142 - IOException on connection: sw-center.st.com
2024-11-13 12:37:24,753 [INFO] BlockDiagram:2766 - set Specific Code input for plugin: RCC
2024-11-13 12:37:24,753 [INFO] BlockDiagram:2766 - set Specific Code input for plugin: NVIC
2024-11-13 12:37:24,753 [INFO] BlockDiagram:2766 - set Specific Code input for plugin: GPIO
2024-11-13 12:37:24,754 [INFO] CodeGenerator:807 - code generatio: config db path: C:\ST\STM32CubeIDE_1.16.1\STM32CubeIDE\plugins\com.st.stm32cube.common.mx_6.12.1.202409122256\\db\
2024-11-13 12:37:24,855 [INFO] CodeEngine:255 - oldGeneratedFile, C:\Users\students\Documents\69A_IA\EMZ_LAB_2024\Lab_1\lab2\l2\MXTmpFiles\license.tmp_save
2024-11-13 12:37:24,955 [INFO] CodeEngine:279 - Generated code: C:\Users\students\Documents\69A_IA\EMZ_LAB_2024\Lab_1\lab2\l2\MXTmpFiles\license.tmp
2024-11-13 12:37:25,001 [INFO] CodeEngine:255 - oldGeneratedFile, C:\Users\students\Documents\69A_IA\EMZ_LAB_2024\Lab_1\lab2\l2\MXTmpFiles\gpio.tmp_save
2024-11-13 12:37:25,092 [INFO] CodeEngine:279 - Generated code: C:\Users\students\Documents\69A_IA\EMZ_LAB_2024\Lab_1\lab2\l2\MXTmpFiles\gpio.tmp
2024-11-13 12:37:25,132 [INFO] CodeEngine:255 - oldGeneratedFile, C:\Users\students\Documents\69A_IA\EMZ_LAB_2024\Lab_1\lab2\l2\Core\Src\stm32g4xx_it.c_save
2024-11-13 12:37:25,296 [INFO] CodeEngine:279 - Generated code: C:\Users\students\Documents\69A_IA\EMZ_LAB_2024\Lab_1\lab2\l2\Core\Src\stm32g4xx_it.c
2024-11-13 12:37:25,302 [INFO] CodeEngine:255 - oldGeneratedFile, C:\Users\students\Documents\69A_IA\EMZ_LAB_2024\Lab_1\lab2\l2\Core\Inc\stm32g4xx_it.h_save
2024-11-13 12:37:25,366 [INFO] CodeEngine:279 - Generated code: C:\Users\students\Documents\69A_IA\EMZ_LAB_2024\Lab_1\lab2\l2\Core\Inc\stm32g4xx_it.h
2024-11-13 12:37:25,424 [INFO] CodeEngine:255 - oldGeneratedFile, C:\Users\students\Documents\69A_IA\EMZ_LAB_2024\Lab_1\lab2\l2\Core\Src\stm32g4xx_hal_msp.c_save
2024-11-13 12:37:25,519 [INFO] CodeEngine:279 - Generated code: C:\Users\students\Documents\69A_IA\EMZ_LAB_2024\Lab_1\lab2\l2\Core\Src\stm32g4xx_hal_msp.c
2024-11-13 12:37:25,524 [INFO] CodeEngine:255 - oldGeneratedFile, C:\Users\students\Documents\69A_IA\EMZ_LAB_2024\Lab_1\lab2\l2\MXTmpFiles\system.tmp_save
2024-11-13 12:37:25,573 [INFO] CodeEngine:279 - Generated code: C:\Users\students\Documents\69A_IA\EMZ_LAB_2024\Lab_1\lab2\l2\MXTmpFiles\system.tmp
2024-11-13 12:37:25,597 [INFO] CodeEngine:311 - oldGeneratedFile, C:\Users\students\Documents\69A_IA\EMZ_LAB_2024\Lab_1\lab2\l2\Core\Inc\stm32g4xx_hal_conf.h_save
2024-11-13 12:37:25,682 [INFO] CodeEngine:335 - Generated code: C:\Users\students\Documents\69A_IA\EMZ_LAB_2024\Lab_1\lab2\l2\Core\Inc\stm32g4xx_hal_conf.h
2024-11-13 12:37:25,709 [WARN] IPConfigManager:3005 - Warning: the RefConfig RCC_CommonPeriphClockConfig is not available in your config.xml file
2024-11-13 12:37:25,739 [INFO] CodeEngine:255 - oldGeneratedFile, C:\Users\students\Documents\69A_IA\EMZ_LAB_2024\Lab_1\lab2\l2\Core\Inc\main.h_save
2024-11-13 12:37:25,841 [INFO] CodeEngine:279 - Generated code: C:\Users\students\Documents\69A_IA\EMZ_LAB_2024\Lab_1\lab2\l2\Core\Inc\main.h
2024-11-13 12:37:25,868 [INFO] CodeEngine:255 - oldGeneratedFile, C:\Users\students\Documents\69A_IA\EMZ_LAB_2024\Lab_1\lab2\l2\Core\Src\main.c_save
2024-11-13 12:37:25,976 [INFO] CodeEngine:279 - Generated code: C:\Users\students\Documents\69A_IA\EMZ_LAB_2024\Lab_1\lab2\l2\Core\Src\main.c
2024-11-13 12:37:26,253 [INFO] ProjectBuilder:3249 - Time for Copy HAL[1] : 131mS.
2024-11-13 12:37:26,255 [INFO] ProjectBuilder:4828 - Project Generator version: 4.5.0-B34
2024-11-13 12:37:26,325 [INFO] ConfigFileManager:1531 - The Die is : DIE469
2024-11-13 12:37:27,152 [INFO] ProjectBuilder:5097 - Time for Generating toolchain IDE Files: 897mS.
2024-11-13 12:37:27,152 [INFO] ProjectBuilder:3107 - Time for Copy CMSIS : 0mS.
2024-11-13 12:37:27,154 [INFO] ProjectBuilder:3107 - Time for Copy CMSIS : 0mS.
2024-11-13 12:37:27,263 [ERROR] ConfigurationRetriever:142 - IOException on connection: sw-center.st.com
2024-11-13 12:37:27,264 [ERROR] ConfigurationRetriever:142 - IOException on connection: sw-center.st.com
2024-11-13 12:37:27,264 [ERROR] ConfigurationRetriever:142 - IOException on connection: sw-center.st.com
2024-11-13 12:37:58,798 [ERROR] ConfigurationRetriever:142 - IOException on connection: sw-center.st.com
2024-11-13 12:37:58,799 [ERROR] ConfigurationRetriever:142 - IOException on connection: sw-center.st.com
2024-11-13 12:37:58,799 [ERROR] ConfigurationRetriever:142 - IOException on connection: sw-center.st.com
2024-11-13 12:38:04,608 [ERROR] ConfigurationRetriever:142 - IOException on connection: sw-center.st.com
2024-11-13 12:38:04,608 [ERROR] ConfigurationRetriever:142 - IOException on connection: sw-center.st.com
2024-11-13 12:38:04,609 [ERROR] ConfigurationRetriever:142 - IOException on connection: sw-center.st.com
2024-11-13 12:41:30,147 [ERROR] ConfigurationRetriever:142 - IOException on connection: sw-center.st.com
2024-11-13 12:41:30,147 [ERROR] ConfigurationRetriever:142 - IOException on connection: sw-center.st.com
2024-11-13 12:41:30,147 [ERROR] ConfigurationRetriever:142 - IOException on connection: sw-center.st.com
2024-11-13 12:41:30,273 [ERROR] ConfigurationRetriever:142 - IOException on connection: sw-center.st.com
2024-11-13 12:41:30,273 [ERROR] ConfigurationRetriever:142 - IOException on connection: sw-center.st.com
2024-11-13 12:41:30,274 [ERROR] ConfigurationRetriever:142 - IOException on connection: sw-center.st.com
2024-11-13 12:42:16,180 [ERROR] ConfigurationRetriever:142 - IOException on connection: sw-center.st.com
2024-11-13 12:42:16,181 [ERROR] ConfigurationRetriever:142 - IOException on connection: sw-center.st.com
2024-11-13 12:42:16,181 [ERROR] ConfigurationRetriever:142 - IOException on connection: sw-center.st.com
2024-11-13 12:42:16,299 [ERROR] ConfigurationRetriever:142 - IOException on connection: sw-center.st.com
2024-11-13 12:42:16,299 [ERROR] ConfigurationRetriever:142 - IOException on connection: sw-center.st.com
2024-11-13 12:42:16,300 [ERROR] ConfigurationRetriever:142 - IOException on connection: sw-center.st.com
2024-11-13 12:44:38,220 [ERROR] ConfigurationRetriever:142 - IOException on connection: sw-center.st.com
2024-11-13 12:44:38,221 [ERROR] ConfigurationRetriever:142 - IOException on connection: sw-center.st.com
2024-11-13 12:44:38,221 [ERROR] ConfigurationRetriever:142 - IOException on connection: sw-center.st.com
2024-11-13 12:44:38,344 [ERROR] ConfigurationRetriever:142 - IOException on connection: sw-center.st.com
2024-11-13 12:44:38,345 [ERROR] ConfigurationRetriever:142 - IOException on connection: sw-center.st.com
2024-11-13 12:44:38,345 [ERROR] ConfigurationRetriever:142 - IOException on connection: sw-center.st.com
2024-11-13 12:51:20,015 [ERROR] ConfigurationRetriever:142 - IOException on connection: sw-center.st.com
2024-11-13 12:51:20,016 [ERROR] ConfigurationRetriever:142 - IOException on connection: sw-center.st.com
2024-11-13 12:51:20,016 [ERROR] ConfigurationRetriever:142 - IOException on connection: sw-center.st.com
2024-11-13 12:56:08,956 [ERROR] ConfigurationRetriever:142 - IOException on connection: sw-center.st.com
2024-11-13 12:56:08,956 [ERROR] ConfigurationRetriever:142 - IOException on connection: sw-center.st.com
2024-11-13 12:56:08,957 [ERROR] ConfigurationRetriever:142 - IOException on connection: sw-center.st.com
2024-11-13 12:56:09,066 [ERROR] ConfigurationRetriever:142 - IOException on connection: sw-center.st.com
2024-11-13 12:56:09,067 [ERROR] ConfigurationRetriever:142 - IOException on connection: sw-center.st.com
2024-11-13 12:56:09,067 [ERROR] ConfigurationRetriever:142 - IOException on connection: sw-center.st.com
2024-11-13 12:57:47,629 [ERROR] ConfigurationRetriever:142 - IOException on connection: sw-center.st.com
2024-11-13 12:57:47,630 [ERROR] ConfigurationRetriever:142 - IOException on connection: sw-center.st.com
2024-11-13 12:57:47,630 [ERROR] ConfigurationRetriever:142 - IOException on connection: sw-center.st.com
2024-11-13 12:57:47,731 [ERROR] ConfigurationRetriever:142 - IOException on connection: sw-center.st.com
2024-11-13 12:57:47,731 [ERROR] ConfigurationRetriever:142 - IOException on connection: sw-center.st.com
2024-11-13 12:57:47,732 [ERROR] ConfigurationRetriever:142 - IOException on connection: sw-center.st.com
2024-11-13 13:47:00,358 [ERROR] ConfigurationRetriever:142 - IOException on connection: sw-center.st.com
2024-11-13 13:47:00,359 [ERROR] ConfigurationRetriever:142 - IOException on connection: sw-center.st.com
2024-11-13 13:47:00,359 [ERROR] ConfigurationRetriever:142 - IOException on connection: sw-center.st.com
2024-11-13 13:47:01,467 [ERROR] LogOutputStream:75 - [STDERR_REDIRECT] 
